-- phpMyAdmin SQL Dump
-- version 5.2.1
-- https://www.phpmyadmin.net/
--
-- Host: 127.0.0.1:3306
-- Generation Time: Sep 23, 2025 at 07:35 AM
-- Server version: 8.2.0
-- PHP Version: 8.3.0

SET SQL_MODE = "NO_AUTO_VALUE_ON_ZERO";
START TRANSACTION;
SET time_zone = "+00:00";


/*!40101 SET @OLD_CHARACTER_SET_CLIENT=@@CHARACTER_SET_CLIENT */;
/*!40101 SET @OLD_CHARACTER_SET_RESULTS=@@CHARACTER_SET_RESULTS */;
/*!40101 SET @OLD_COLLATION_CONNECTION=@@COLLATION_CONNECTION */;
/*!40101 SET NAMES utf8mb4 */;

--
-- Database: `belal`
--

-- --------------------------------------------------------

--
-- Table structure for table `authentications`
--

DROP TABLE IF EXISTS `authentications`;
CREATE TABLE IF NOT EXISTS `authentications` (
  `id` bigint UNSIGNED NOT NULL AUTO_INCREMENT,
  `role_id` int NOT NULL,
  `form_id` int NOT NULL,
  `access_level` int NOT NULL,
  `user_ins` int NOT NULL DEFAULT '0',
  `user_upd` int NOT NULL DEFAULT '0',
  `created_at` timestamp NULL DEFAULT NULL,
  `updated_at` timestamp NULL DEFAULT NULL,
  PRIMARY KEY (`id`)
) ENGINE=MyISAM AUTO_INCREMENT=24 DEFAULT CHARSET=utf8mb4 COLLATE=utf8mb4_unicode_ci;

--
-- Dumping data for table `authentications`
--

INSERT INTO `authentications` (`id`, `role_id`, `form_id`, `access_level`, `user_ins`, `user_upd`, `created_at`, `updated_at`) VALUES
(1, 1, 1, 1, 4, 5, '2025-05-12 12:26:12', '2025-08-19 18:11:09'),
(2, 1, 2, 1, 4, 5, '2025-05-12 12:26:12', '2025-07-13 17:00:07'),
(3, 1, 3, 1, 4, 5, '2025-05-12 12:26:12', '2025-07-13 17:00:07'),
(4, 1, 4, 1, 4, 5, '2025-05-12 12:26:12', '2025-07-13 17:00:07'),
(5, 1, 5, 1, 4, 5, '2025-05-12 12:26:12', '2025-07-13 17:00:07'),
(6, 1, 6, 1, 4, 5, '2025-05-12 12:26:12', '2025-07-13 17:00:07'),
(7, 1, 7, 1, 4, 5, '2025-05-12 12:26:12', '2025-07-13 17:00:07'),
(8, 1, 8, 1, 4, 5, '2025-05-12 12:26:12', '2025-07-13 17:00:07'),
(10, 1, 10, 1, 4, 5, '2025-05-12 12:26:12', '2025-07-13 17:04:59'),
(11, 1, 11, 1, 4, 5, '2025-05-12 12:26:12', '2025-07-13 17:00:07'),
(13, 1, 13, 1, 4, 5, '2025-05-12 12:26:12', '2025-07-20 15:05:52'),
(23, 1, 23, 1, 5, 0, '2025-07-20 15:05:52', '2025-07-20 15:05:52'),
(15, 1, 15, 1, 4, 5, '2025-05-12 12:26:12', '2025-07-20 15:05:52'),
(16, 1, 16, 1, 4, 5, '2025-05-12 12:26:12', '2025-07-20 15:05:52'),
(17, 1, 17, 1, 4, 5, '2025-05-12 12:26:12', '2025-07-20 15:05:52'),
(18, 1, 18, 1, 4, 5, '2025-05-12 12:26:12', '2025-07-20 15:05:52'),
(19, 1, 19, 1, 4, 5, '2025-05-12 12:26:12', '2025-07-20 15:05:52'),
(20, 1, 20, 1, 4, 5, '2025-05-12 12:26:12', '2025-07-20 15:05:52'),
(21, 1, 21, 1, 4, 5, '2025-05-12 12:26:12', '2025-07-20 15:05:52'),
(22, 1, 22, 1, 4, 5, '2025-05-12 12:26:12', '2025-07-20 15:05:52');

-- --------------------------------------------------------

--
-- Table structure for table `box_recipits`
--

DROP TABLE IF EXISTS `box_recipits`;
CREATE TABLE IF NOT EXISTS `box_recipits` (
  `id` bigint UNSIGNED NOT NULL AUTO_INCREMENT,
  `bill_number` varchar(191) CHARACTER SET utf8mb4 COLLATE utf8mb4_unicode_ci NOT NULL,
  `recipit_type` int NOT NULL,
  `amount` decimal(20,2) NOT NULL,
  `safe_id` int NOT NULL,
  `notes` text CHARACTER SET utf8mb4 COLLATE utf8mb4_unicode_ci NOT NULL,
  `date` timestamp NOT NULL DEFAULT CURRENT_TIMESTAMP,
  `state` int NOT NULL DEFAULT '0',
  `user_ins` int NOT NULL DEFAULT '0',
  `user_upd` int NOT NULL DEFAULT '0',
  `created_at` timestamp NULL DEFAULT NULL,
  `updated_at` timestamp NULL DEFAULT NULL,
  PRIMARY KEY (`id`)
) ENGINE=MyISAM AUTO_INCREMENT=17 DEFAULT CHARSET=utf8mb4 COLLATE=utf8mb4_unicode_ci;

--
-- Dumping data for table `box_recipits`
--

INSERT INTO `box_recipits` (`id`, `bill_number`, `recipit_type`, `amount`, `safe_id`, `notes`, `date`, `state`, `user_ins`, `user_upd`, `created_at`, `updated_at`) VALUES
(1, 'BB0001', 2, 112800.00, 1, '', '2025-09-13 00:00:00', 1, 5, 0, '2025-09-13 07:09:59', '2025-09-13 08:05:19'),
(2, 'BB0002', 6, 730.00, 1, '', '2025-09-13 00:00:00', 1, 5, 0, '2025-09-13 07:10:28', '2025-09-13 08:05:23'),
(3, 'BB0003', 14, 15000.00, 1, '', '2025-09-13 00:00:00', 1, 5, 0, '2025-09-13 07:10:52', '2025-09-13 08:05:27'),
(4, 'BB0004', 4, 170.00, 1, '', '2025-09-13 00:00:00', 1, 5, 0, '2025-09-13 08:05:05', '2025-09-13 08:05:33'),
(5, 'BB0005', 11, 900.00, 1, '', '2025-09-13 00:00:00', 1, 5, 0, '2025-09-13 08:13:32', '2025-09-13 08:18:46'),
(6, 'BB0006', 1, 1000.00, 1, '', '2025-09-13 00:00:00', 1, 5, 0, '2025-09-13 08:14:07', '2025-09-13 08:18:50'),
(7, 'BB0007', 1, 1000.00, 1, '', '2025-09-13 00:00:00', 1, 5, 0, '2025-09-13 08:14:46', '2025-09-13 08:18:54'),
(8, 'BB0008', 1, 800.00, 1, '', '2025-09-13 00:00:00', 1, 5, 0, '2025-09-13 08:15:08', '2025-09-13 08:18:57'),
(9, 'BB0009', 1, 200.00, 1, '', '2025-09-13 00:00:00', 1, 5, 0, '2025-09-13 08:15:27', '2025-09-13 08:19:01'),
(10, 'BB0010', 1, 1000.00, 1, '', '2025-09-13 00:00:00', 1, 5, 0, '2025-09-13 08:15:45', '2025-09-13 08:19:05'),
(11, 'BB0011', 1, 300.00, 1, '', '2025-09-13 00:00:00', 1, 5, 0, '2025-09-13 08:16:05', '2025-09-13 08:20:20'),
(12, 'BB0012', 1, 500.00, 1, '', '2025-09-13 00:00:00', 1, 5, 0, '2025-09-13 08:16:24', '2025-09-13 08:20:26'),
(13, 'BB0013', 1, 500.00, 1, '', '2025-09-13 00:00:00', 1, 5, 0, '2025-09-13 08:16:51', '2025-09-13 08:20:41'),
(14, 'BB0014', 6, 100.00, 1, '', '2025-09-13 00:00:00', 1, 5, 0, '2025-09-13 08:19:37', '2025-09-13 08:20:46'),
(15, 'BB0015', 1, 200.00, 1, '', '2025-09-13 00:00:00', 1, 5, 0, '2025-09-13 08:19:57', '2025-09-13 08:20:51'),
(16, 'BB0016', 1, 100.00, 1, '', '2025-09-13 00:00:00', 1, 5, 0, '2025-09-13 08:20:11', '2025-09-13 08:20:56');

-- --------------------------------------------------------

--
-- Table structure for table `cache`
--

DROP TABLE IF EXISTS `cache`;
CREATE TABLE IF NOT EXISTS `cache` (
  `key` varchar(191) CHARACTER SET utf8mb4 COLLATE utf8mb4_unicode_ci NOT NULL,
  `value` mediumtext CHARACTER SET utf8mb4 COLLATE utf8mb4_unicode_ci NOT NULL,
  `expiration` int NOT NULL,
  PRIMARY KEY (`key`)
) ENGINE=MyISAM DEFAULT CHARSET=utf8mb4 COLLATE=utf8mb4_unicode_ci;

-- --------------------------------------------------------

--
-- Table structure for table `cache_locks`
--

DROP TABLE IF EXISTS `cache_locks`;
CREATE TABLE IF NOT EXISTS `cache_locks` (
  `key` varchar(191) CHARACTER SET utf8mb4 COLLATE utf8mb4_unicode_ci NOT NULL,
  `owner` varchar(191) CHARACTER SET utf8mb4 COLLATE utf8mb4_unicode_ci NOT NULL,
  `expiration` int NOT NULL,
  PRIMARY KEY (`key`)
) ENGINE=MyISAM DEFAULT CHARSET=utf8mb4 COLLATE=utf8mb4_unicode_ci;

-- --------------------------------------------------------

--
-- Table structure for table `cars`
--

DROP TABLE IF EXISTS `cars`;
CREATE TABLE IF NOT EXISTS `cars` (
  `id` bigint UNSIGNED NOT NULL AUTO_INCREMENT,
  `code` varchar(191) CHARACTER SET utf8mb4 COLLATE utf8mb4_unicode_ci NOT NULL,
  `car_number` varchar(191) CHARACTER SET utf8mb4 COLLATE utf8mb4_unicode_ci NOT NULL,
  `driver_name` varchar(191) CHARACTER SET utf8mb4 COLLATE utf8mb4_unicode_ci NOT NULL,
  `phone` varchar(191) CHARACTER SET utf8mb4 COLLATE utf8mb4_unicode_ci NOT NULL,
  `notes` varchar(191) CHARACTER SET utf8mb4 COLLATE utf8mb4_unicode_ci NOT NULL,
  `user_ins` int NOT NULL DEFAULT '0',
  `user_upd` int NOT NULL DEFAULT '0',
  `created_at` timestamp NULL DEFAULT NULL,
  `updated_at` timestamp NULL DEFAULT NULL,
  PRIMARY KEY (`id`)
) ENGINE=MyISAM AUTO_INCREMENT=3 DEFAULT CHARSET=utf8mb4 COLLATE=utf8mb4_unicode_ci;

--
-- Dumping data for table `cars`
--

INSERT INTO `cars` (`id`, `code`, `car_number`, `driver_name`, `phone`, `notes`, `user_ins`, `user_upd`, `created_at`, `updated_at`) VALUES
(1, '1', '١', 'وليد', '', '', 5, 0, '2025-05-18 16:01:12', '2025-05-18 16:01:12'),
(2, '٢', '٢', 'علي معمل', '', '', 5, 0, '2025-05-18 16:01:36', '2025-05-18 16:01:36');

-- --------------------------------------------------------

--
-- Table structure for table `car_daily_meals`
--

DROP TABLE IF EXISTS `car_daily_meals`;
CREATE TABLE IF NOT EXISTS `car_daily_meals` (
  `id` bigint UNSIGNED NOT NULL AUTO_INCREMENT,
  `code` varchar(191) CHARACTER SET utf8mb4 COLLATE utf8mb4_unicode_ci NOT NULL,
  `car_meal_id` int NOT NULL,
  `supplier_id` int NOT NULL,
  `date` timestamp NOT NULL,
  `type` int NOT NULL,
  `weight` decimal(8,2) NOT NULL,
  `price` decimal(8,2) NOT NULL,
  `total` decimal(8,2) NOT NULL,
  `user_ins` int NOT NULL DEFAULT '0',
  `user_upd` int NOT NULL DEFAULT '0',
  `created_at` timestamp NULL DEFAULT NULL,
  `updated_at` timestamp NULL DEFAULT NULL,
  PRIMARY KEY (`id`)
) ENGINE=MyISAM DEFAULT CHARSET=utf8mb4 COLLATE=utf8mb4_unicode_ci;

-- --------------------------------------------------------

--
-- Table structure for table `car_meals`
--

DROP TABLE IF EXISTS `car_meals`;
CREATE TABLE IF NOT EXISTS `car_meals` (
  `id` bigint UNSIGNED NOT NULL AUTO_INCREMENT,
  `code` varchar(191) CHARACTER SET utf8mb4 COLLATE utf8mb4_unicode_ci NOT NULL,
  `date` timestamp NOT NULL,
  `car_id` int NOT NULL,
  `tota_weight` decimal(8,2) NOT NULL,
  `weight_difference` decimal(8,2) NOT NULL,
  `state` int NOT NULL,
  `weakly_meal_id` int NOT NULL,
  `notes` text CHARACTER SET utf8mb4 COLLATE utf8mb4_unicode_ci NOT NULL,
  `user_ins` int NOT NULL DEFAULT '0',
  `user_upd` int NOT NULL DEFAULT '0',
  `created_at` timestamp NULL DEFAULT NULL,
  `updated_at` timestamp NULL DEFAULT NULL,
  PRIMARY KEY (`id`)
) ENGINE=MyISAM DEFAULT CHARSET=utf8mb4 COLLATE=utf8mb4_unicode_ci;

-- --------------------------------------------------------

--
-- Table structure for table `catch_recipits`
--

DROP TABLE IF EXISTS `catch_recipits`;
CREATE TABLE IF NOT EXISTS `catch_recipits` (
  `id` bigint UNSIGNED NOT NULL AUTO_INCREMENT,
  `date` timestamp NOT NULL DEFAULT CURRENT_TIMESTAMP,
  `bill_number` varchar(191) CHARACTER SET utf8mb4 COLLATE utf8mb4_unicode_ci NOT NULL,
  `client_id` int NOT NULL,
  `amount` decimal(20,2) NOT NULL,
  `payment_method` int NOT NULL,
  `safe_id` int NOT NULL,
  `notes` text CHARACTER SET utf8mb4 COLLATE utf8mb4_unicode_ci NOT NULL,
  `loan_id` int NOT NULL DEFAULT '0',
  `state` int NOT NULL DEFAULT '0',
  `user_ins` int NOT NULL DEFAULT '0',
  `user_upd` int NOT NULL DEFAULT '0',
  `created_at` timestamp NULL DEFAULT NULL,
  `updated_at` timestamp NULL DEFAULT NULL,
  PRIMARY KEY (`id`)
) ENGINE=MyISAM AUTO_INCREMENT=4 DEFAULT CHARSET=utf8mb4 COLLATE=utf8mb4_unicode_ci;

--
-- Dumping data for table `catch_recipits`
--

INSERT INTO `catch_recipits` (`id`, `date`, `bill_number`, `client_id`, `amount`, `payment_method`, `safe_id`, `notes`, `loan_id`, `state`, `user_ins`, `user_upd`, `created_at`, `updated_at`) VALUES
(1, '2025-09-12 00:00:00', 'CB0001', 14, 30000.00, 0, 4, '', 0, 1, 5, 0, '2025-09-12 16:35:36', '2025-09-12 16:35:49'),
(2, '2025-09-12 00:00:00', 'CB0002', 116, 10815.00, 0, 1, '', 0, 0, 5, 0, '2025-09-12 17:53:02', '2025-09-12 17:53:02'),
(3, '2025-09-12 00:00:00', 'CB0003', 115, 30000.00, 0, 1, '', 0, 0, 5, 0, '2025-09-12 17:53:17', '2025-09-12 17:53:17');

-- --------------------------------------------------------

--
-- Table structure for table `cheese_meals`
--

DROP TABLE IF EXISTS `cheese_meals`;
CREATE TABLE IF NOT EXISTS `cheese_meals` (
  `id` bigint UNSIGNED NOT NULL AUTO_INCREMENT,
  `code` varchar(191) CHARACTER SET utf8mb4 COLLATE utf8mb4_unicode_ci NOT NULL,
  `date` timestamp NOT NULL DEFAULT CURRENT_TIMESTAMP,
  `cheese_price` decimal(20,2) NOT NULL,
  `white_cheese_price` decimal(20,2) NOT NULL,
  `cream_price` decimal(20,2) NOT NULL,
  `protein_price` decimal(20,2) NOT NULL,
  `milk_weight` decimal(20,2) NOT NULL,
  `bovine_price` decimal(20,2) NOT NULL,
  `item_id` int NOT NULL,
  `type` int NOT NULL DEFAULT '0',
  `quantity` decimal(20,2) NOT NULL,
  `weight` decimal(20,2) NOT NULL,
  `disk_weight` decimal(20,2) NOT NULL,
  `disk_cost` decimal(20,2) NOT NULL,
  `productivity` decimal(20,2) NOT NULL,
  `cost_per_cheese_kilo` decimal(20,2) NOT NULL,
  `cream_weight` decimal(20,2) NOT NULL,
  `cream_of_kilo_milk` decimal(20,2) NOT NULL,
  `protein_weight` decimal(20,2) NOT NULL,
  `protein_of_kilo_milk` decimal(20,2) NOT NULL,
  `net` decimal(20,2) NOT NULL,
  `state` int NOT NULL DEFAULT '0',
  `notes` text CHARACTER SET utf8mb4 COLLATE utf8mb4_unicode_ci NOT NULL,
  `user_ins` int NOT NULL DEFAULT '0',
  `user_upd` int NOT NULL DEFAULT '0',
  `created_at` timestamp NULL DEFAULT NULL,
  `updated_at` timestamp NULL DEFAULT NULL,
  PRIMARY KEY (`id`)
) ENGINE=MyISAM DEFAULT CHARSET=utf8mb4 COLLATE=utf8mb4_unicode_ci;

-- --------------------------------------------------------

--
-- Table structure for table `cheese_milk_meals`
--

DROP TABLE IF EXISTS `cheese_milk_meals`;
CREATE TABLE IF NOT EXISTS `cheese_milk_meals` (
  `id` bigint UNSIGNED NOT NULL AUTO_INCREMENT,
  `daily_milk_meal_id` int NOT NULL,
  `cheese_meal_id` int NOT NULL,
  `user_ins` int NOT NULL DEFAULT '0',
  `user_upd` int NOT NULL DEFAULT '0',
  `created_at` timestamp NULL DEFAULT NULL,
  `updated_at` timestamp NULL DEFAULT NULL,
  PRIMARY KEY (`id`)
) ENGINE=MyISAM DEFAULT CHARSET=utf8mb4 COLLATE=utf8mb4_unicode_ci;

-- --------------------------------------------------------

--
-- Table structure for table `clients`
--

DROP TABLE IF EXISTS `clients`;
CREATE TABLE IF NOT EXISTS `clients` (
  `id` bigint UNSIGNED NOT NULL AUTO_INCREMENT,
  `type` int NOT NULL,
  `name` varchar(191) CHARACTER SET utf8mb4 COLLATE utf8mb4_unicode_ci NOT NULL,
  `phone` varchar(191) CHARACTER SET utf8mb4 COLLATE utf8mb4_unicode_ci NOT NULL,
  `buffalo_min_limit` decimal(8,2) NOT NULL,
  `buffalo_max_limit` decimal(8,2) NOT NULL,
  `bovine_min_limit` decimal(8,2) NOT NULL,
  `bovine_max_limit` decimal(8,2) NOT NULL,
  `address` text CHARACTER SET utf8mb4 COLLATE utf8mb4_unicode_ci NOT NULL,
  `car_id` int NOT NULL DEFAULT '0',
  `user_ins` int NOT NULL DEFAULT '0',
  `user_upd` int NOT NULL DEFAULT '0',
  `created_at` timestamp NULL DEFAULT NULL,
  `updated_at` timestamp NULL DEFAULT NULL,
  PRIMARY KEY (`id`)
) ENGINE=MyISAM AUTO_INCREMENT=118 DEFAULT CHARSET=utf8mb4 COLLATE=utf8mb4_unicode_ci;

--
-- Dumping data for table `clients`
--

INSERT INTO `clients` (`id`, `type`, `name`, `phone`, `buffalo_min_limit`, `buffalo_max_limit`, `bovine_min_limit`, `bovine_max_limit`, `address`, `car_id`, `user_ins`, `user_upd`, `created_at`, `updated_at`) VALUES
(1, 0, 'عبده عبود المزين', '', 0.00, 0.00, 0.00, 0.00, '', 0, 5, 0, '2025-09-12 10:56:58', '2025-09-12 10:56:58'),
(2, 0, 'طارق الحديدي', '', 0.00, 0.00, 0.00, 0.00, '', 0, 5, 0, '2025-09-12 10:57:41', '2025-09-12 10:57:41'),
(3, 0, 'مصطفي مرعي', '', 0.00, 0.00, 0.00, 0.00, '', 0, 5, 0, '2025-09-12 10:58:17', '2025-09-12 10:58:17'),
(4, 0, 'محمد نور', '', 0.00, 0.00, 0.00, 0.00, '', 0, 5, 0, '2025-09-12 10:58:55', '2025-09-12 10:58:55'),
(5, 0, 'طاهر الدسوقي', '', 0.00, 0.00, 0.00, 0.00, '', 0, 5, 0, '2025-09-12 10:59:59', '2025-09-12 10:59:59'),
(6, 0, 'احمد ابو لبن', '', 0.00, 0.00, 0.00, 0.00, '', 0, 5, 0, '2025-09-12 11:00:37', '2025-09-12 11:00:37'),
(7, 0, 'احمد توفيق', '', 0.00, 0.00, 0.00, 0.00, '', 0, 5, 0, '2025-09-12 11:01:11', '2025-09-12 11:01:11'),
(8, 0, 'ربيع البيلي', '', 0.00, 0.00, 0.00, 0.00, '', 0, 5, 0, '2025-09-12 11:01:59', '2025-09-12 11:01:59'),
(9, 0, 'احمد محجوب', '', 0.00, 0.00, 0.00, 0.00, '', 0, 5, 0, '2025-09-12 11:02:41', '2025-09-12 11:02:41'),
(10, 0, 'صلاح محروس', '', 0.00, 0.00, 0.00, 0.00, '', 0, 5, 0, '2025-09-12 11:03:29', '2025-09-12 11:03:29'),
(11, 0, 'محمد الحرمين', '', 0.00, 0.00, 0.00, 0.00, '', 0, 5, 0, '2025-09-12 11:04:00', '2025-09-12 11:04:00'),
(12, 0, 'عبده زكي غزال', '', 0.00, 0.00, 0.00, 0.00, '', 0, 5, 0, '2025-09-12 11:04:55', '2025-09-12 11:04:55'),
(13, 0, 'عمرو الحديدي', '', 0.00, 0.00, 0.00, 0.00, '', 0, 5, 0, '2025-09-12 11:05:36', '2025-09-12 11:05:36'),
(14, 0, 'علاء فرسكور', '', 0.00, 0.00, 0.00, 0.00, '', 0, 5, 0, '2025-09-12 11:06:27', '2025-09-12 11:06:27'),
(15, 0, 'محمد صابر', '', 0.00, 0.00, 0.00, 0.00, '', 0, 5, 0, '2025-09-12 11:07:06', '2025-09-12 11:07:06'),
(16, 0, 'فريد عميش', '', 0.00, 0.00, 0.00, 0.00, '', 0, 5, 0, '2025-09-12 11:07:51', '2025-09-12 11:07:51'),
(17, 0, 'حميدو شرابيه', '', 0.00, 0.00, 0.00, 0.00, '', 0, 5, 0, '2025-09-12 11:08:25', '2025-09-12 11:08:25'),
(18, 0, 'محمود النجدي', '', 0.00, 0.00, 0.00, 0.00, '', 0, 5, 0, '2025-09-12 11:09:02', '2025-09-12 11:09:02'),
(19, 0, 'حسام نبيل', '', 0.00, 0.00, 0.00, 0.00, '', 0, 5, 0, '2025-09-12 11:09:40', '2025-09-12 11:09:40'),
(20, 0, 'عبد الرحيم زاهر', '', 0.00, 0.00, 0.00, 0.00, '', 0, 5, 0, '2025-09-12 11:10:26', '2025-09-12 11:10:26'),
(21, 0, 'طارق حمادة', '', 0.00, 0.00, 0.00, 0.00, '', 0, 5, 0, '2025-09-12 11:10:57', '2025-09-12 11:10:57'),
(22, 0, 'ممدوح كراوية', '', 0.00, 0.00, 0.00, 0.00, '', 0, 5, 0, '2025-09-12 11:11:31', '2025-09-12 11:11:31'),
(23, 0, 'السيد عيش', '', 0.00, 0.00, 0.00, 0.00, '', 0, 5, 0, '2025-09-12 11:12:01', '2025-09-12 11:12:01'),
(24, 0, 'رائد سليمان', '', 0.00, 0.00, 0.00, 0.00, '', 0, 5, 0, '2025-09-12 11:12:39', '2025-09-12 11:12:39'),
(25, 0, 'مصطفي ابو السعود', '', 0.00, 0.00, 0.00, 0.00, '', 0, 5, 0, '2025-09-12 11:13:14', '2025-09-12 11:13:14'),
(26, 0, 'محمد المقود', '', 0.00, 0.00, 0.00, 0.00, '', 0, 5, 0, '2025-09-12 11:13:45', '2025-09-12 11:13:45'),
(27, 1, 'بلال', '', 0.00, 0.00, 0.00, 0.00, '', 0, 5, 0, '2025-09-12 11:48:18', '2025-09-12 11:48:18'),
(28, 1, 'بلال ٢', '', 0.00, 0.00, 0.00, 0.00, '', 0, 5, 0, '2025-09-12 11:48:38', '2025-09-12 11:48:38'),
(29, 1, 'عباس ابراهيم', '', 0.00, 0.00, 0.00, 0.00, '', 0, 5, 0, '2025-09-12 11:48:54', '2025-09-12 11:48:54'),
(30, 1, 'عباس ابراهيم ٢', '', 0.00, 0.00, 0.00, 0.00, '', 0, 5, 0, '2025-09-12 11:49:04', '2025-09-12 11:49:04'),
(31, 1, 'محمد شعبان غانم', '', 0.00, 0.00, 0.00, 0.00, '', 0, 5, 5, '2025-09-12 11:49:13', '2025-09-12 16:48:32'),
(32, 1, 'السيد عبد الستار', '', 0.00, 0.00, 0.00, 0.00, '', 0, 5, 0, '2025-09-12 11:49:24', '2025-09-12 11:49:24'),
(33, 1, 'نعيم عبد الغفار', '', 0.00, 0.00, 0.00, 0.00, '', 0, 5, 0, '2025-09-12 11:49:37', '2025-09-12 11:49:37'),
(34, 1, 'اخمد عبده', '', 0.00, 0.00, 0.00, 0.00, '', 0, 5, 0, '2025-09-12 11:49:46', '2025-09-12 11:49:46'),
(35, 1, 'اخمد عبده ٢', '', 0.00, 0.00, 0.00, 0.00, '', 0, 5, 0, '2025-09-12 11:49:59', '2025-09-12 11:49:59'),
(36, 1, 'محمد الحاج', '', 0.00, 0.00, 0.00, 0.00, '', 0, 5, 0, '2025-09-12 11:50:13', '2025-09-12 11:50:13'),
(37, 1, 'ابو حجاج', '', 0.00, 0.00, 0.00, 0.00, '', 0, 5, 0, '2025-09-12 11:50:21', '2025-09-12 11:50:21'),
(38, 1, 'احمد عوض', '', 0.00, 0.00, 0.00, 0.00, '', 0, 5, 0, '2025-09-12 11:50:31', '2025-09-12 11:50:31'),
(39, 1, 'ابراهيم ابو صابر', '', 0.00, 0.00, 0.00, 0.00, '', 0, 5, 5, '2025-09-12 11:50:41', '2025-09-12 17:54:19'),
(40, 1, 'ابو الخير', '', 0.00, 0.00, 0.00, 0.00, '', 0, 5, 0, '2025-09-12 11:50:52', '2025-09-12 11:50:52'),
(41, 1, 'يوسف', '', 0.00, 0.00, 0.00, 0.00, '', 0, 5, 0, '2025-09-12 11:50:59', '2025-09-12 11:50:59'),
(42, 1, 'نجيب', '', 0.00, 0.00, 0.00, 0.00, '', 0, 5, 0, '2025-09-12 11:51:10', '2025-09-12 11:51:10'),
(43, 1, 'سعد', '', 0.00, 0.00, 0.00, 0.00, '', 0, 5, 0, '2025-09-12 11:51:18', '2025-09-12 11:51:18'),
(44, 1, 'ماجد', '', 0.00, 0.00, 0.00, 0.00, '', 0, 5, 0, '2025-09-12 11:51:25', '2025-09-12 11:51:25'),
(45, 1, 'ماجد ٢', '', 0.00, 0.00, 0.00, 0.00, '', 0, 5, 0, '2025-09-12 11:51:31', '2025-09-12 11:51:31'),
(46, 1, 'محمود', '', 0.00, 0.00, 0.00, 0.00, '', 0, 5, 0, '2025-09-12 11:51:38', '2025-09-12 11:51:38'),
(47, 1, 'نصحي', '', 0.00, 0.00, 0.00, 0.00, '', 0, 5, 0, '2025-09-12 11:51:45', '2025-09-12 11:51:45'),
(48, 1, 'احمد صبح', '', 0.00, 0.00, 0.00, 0.00, '', 0, 5, 0, '2025-09-12 11:51:53', '2025-09-12 11:51:53'),
(49, 1, 'السيد الزغبي', '', 0.00, 0.00, 0.00, 0.00, '', 0, 5, 0, '2025-09-12 11:52:06', '2025-09-12 11:52:06'),
(50, 1, 'نعيم الشيخ', '', 0.00, 0.00, 0.00, 0.00, '', 0, 5, 0, '2025-09-12 11:52:19', '2025-09-12 11:52:19'),
(51, 1, 'ابراهيم الزغبي', '', 0.00, 0.00, 0.00, 0.00, '', 0, 5, 0, '2025-09-12 11:53:16', '2025-09-12 11:53:16'),
(52, 1, 'مسعد', '', 0.00, 0.00, 0.00, 0.00, '', 0, 5, 0, '2025-09-12 11:53:25', '2025-09-12 11:53:25'),
(53, 1, 'علي عبد الله', '', 0.00, 0.00, 0.00, 0.00, '', 0, 5, 0, '2025-09-12 11:53:34', '2025-09-12 11:53:34'),
(54, 1, 'الشحنة', '', 0.00, 0.00, 0.00, 0.00, '', 0, 5, 0, '2025-09-12 11:53:41', '2025-09-12 11:53:41'),
(55, 1, 'سمير', '', 0.00, 0.00, 0.00, 0.00, '', 0, 5, 0, '2025-09-12 11:53:48', '2025-09-12 11:53:48'),
(56, 1, 'دياب', '', 0.00, 0.00, 0.00, 0.00, '', 0, 5, 0, '2025-09-12 11:53:56', '2025-09-12 11:53:56'),
(57, 1, 'علي احمد عبدالله', '', 0.00, 0.00, 0.00, 0.00, '', 0, 5, 0, '2025-09-12 11:54:26', '2025-09-12 11:54:26'),
(58, 1, 'اسلام', '', 0.00, 0.00, 0.00, 0.00, '', 0, 5, 0, '2025-09-12 11:54:34', '2025-09-12 11:54:34'),
(59, 1, 'الهادي', '', 0.00, 0.00, 0.00, 0.00, '', 0, 5, 0, '2025-09-12 11:54:42', '2025-09-12 11:54:42'),
(60, 1, 'الهادي ٢', '', 0.00, 0.00, 0.00, 0.00, '', 0, 5, 0, '2025-09-12 11:54:51', '2025-09-12 11:54:51'),
(61, 1, 'عبده الدياسطي', '', 0.00, 0.00, 0.00, 0.00, '', 0, 5, 0, '2025-09-12 11:55:02', '2025-09-12 11:55:02'),
(62, 1, 'عبده الدياسطي ٢', '', 0.00, 0.00, 0.00, 0.00, '', 0, 5, 0, '2025-09-12 11:55:18', '2025-09-12 11:55:18'),
(63, 1, 'ابراهيم عوض', '', 0.00, 0.00, 0.00, 0.00, '', 0, 5, 0, '2025-09-12 11:55:27', '2025-09-12 11:55:27'),
(64, 1, 'ابراهيم عوض ٢', '', 0.00, 0.00, 0.00, 0.00, '', 0, 5, 0, '2025-09-12 11:55:37', '2025-09-12 11:55:37'),
(65, 1, 'حسن خضير', '', 0.00, 0.00, 0.00, 0.00, '', 0, 5, 0, '2025-09-12 11:55:47', '2025-09-12 11:55:47'),
(66, 1, 'حسن خضير ٢', '', 0.00, 0.00, 0.00, 0.00, '', 0, 5, 0, '2025-09-12 11:55:56', '2025-09-12 11:55:56'),
(67, 1, 'عبد المنعم', '', 0.00, 0.00, 0.00, 0.00, '', 0, 5, 0, '2025-09-12 11:56:05', '2025-09-12 11:56:05'),
(68, 1, 'عبد المنعم ٢', '', 0.00, 0.00, 0.00, 0.00, '', 0, 5, 0, '2025-09-12 11:56:14', '2025-09-12 11:56:14'),
(69, 1, 'اسامة عوض', '', 0.00, 0.00, 0.00, 0.00, '', 0, 5, 0, '2025-09-12 11:56:24', '2025-09-12 11:56:24'),
(70, 1, 'ابو السيد', '', 0.00, 0.00, 0.00, 0.00, '', 0, 5, 0, '2025-09-12 11:56:33', '2025-09-12 11:56:33'),
(71, 1, 'ابو ياسر', '', 0.00, 0.00, 0.00, 0.00, '', 0, 5, 0, '2025-09-12 11:56:43', '2025-09-12 11:56:43'),
(72, 1, 'عباس فوزي', '', 0.00, 0.00, 0.00, 0.00, '', 0, 5, 0, '2025-09-12 11:56:52', '2025-09-12 11:56:52'),
(73, 1, 'سعد القطب', '', 0.00, 0.00, 0.00, 0.00, '', 0, 5, 0, '2025-09-12 11:59:42', '2025-09-12 11:59:42'),
(74, 1, 'ابو يوسف', '', 0.00, 0.00, 0.00, 0.00, '', 0, 5, 0, '2025-09-12 11:59:52', '2025-09-12 11:59:52'),
(75, 1, 'نبيل', '', 0.00, 0.00, 0.00, 0.00, '', 0, 5, 0, '2025-09-12 11:59:59', '2025-09-12 11:59:59'),
(76, 1, 'حمدان', '', 0.00, 0.00, 0.00, 0.00, '', 0, 5, 0, '2025-09-12 12:00:07', '2025-09-12 12:00:07'),
(77, 1, 'العمدة', '', 0.00, 0.00, 0.00, 0.00, '', 0, 5, 0, '2025-09-12 12:00:15', '2025-09-12 12:00:15'),
(78, 1, 'شعبان', '', 0.00, 0.00, 0.00, 0.00, '', 0, 5, 0, '2025-09-12 12:00:23', '2025-09-12 12:00:23'),
(79, 1, 'احمد الدسوقي', '', 0.00, 0.00, 0.00, 0.00, '', 0, 5, 0, '2025-09-12 12:00:35', '2025-09-12 12:00:35'),
(80, 1, 'طارق', '', 0.00, 0.00, 0.00, 0.00, '', 0, 5, 0, '2025-09-12 12:00:47', '2025-09-12 12:00:47'),
(81, 1, 'عبده حلاوة', '', 0.00, 0.00, 0.00, 0.00, '', 0, 5, 0, '2025-09-12 12:00:56', '2025-09-12 12:00:56'),
(82, 1, 'ابو اسلام', '', 0.00, 0.00, 0.00, 0.00, '', 0, 5, 0, '2025-09-12 12:01:05', '2025-09-12 12:01:05'),
(83, 1, 'ابراهيم داود', '', 0.00, 0.00, 0.00, 0.00, '', 0, 5, 0, '2025-09-12 12:01:15', '2025-09-12 12:01:15'),
(84, 1, 'ابراهيم داود ٢', '', 0.00, 0.00, 0.00, 0.00, '', 0, 5, 0, '2025-09-12 12:01:30', '2025-09-12 12:01:30'),
(85, 1, 'محمد داود', '', 0.00, 0.00, 0.00, 0.00, '', 0, 5, 0, '2025-09-12 12:01:38', '2025-09-12 12:01:38'),
(86, 1, 'محمد داود ٢', '', 0.00, 0.00, 0.00, 0.00, '', 0, 5, 0, '2025-09-12 12:01:48', '2025-09-12 12:01:48'),
(87, 1, 'الموكشة', '', 0.00, 0.00, 0.00, 0.00, '', 0, 5, 0, '2025-09-12 12:01:57', '2025-09-12 12:01:57'),
(88, 1, 'محمود العربي', '', 0.00, 0.00, 0.00, 0.00, '', 0, 5, 0, '2025-09-12 12:02:06', '2025-09-12 12:02:06'),
(89, 1, 'محمود العربي ٢', '', 0.00, 0.00, 0.00, 0.00, '', 0, 5, 0, '2025-09-12 12:02:17', '2025-09-12 12:02:17'),
(90, 1, 'علي ابو السيد', '', 0.00, 0.00, 0.00, 0.00, '', 0, 5, 0, '2025-09-12 12:02:26', '2025-09-12 12:02:26'),
(91, 1, 'علي ابو السيد ٢', '', 0.00, 0.00, 0.00, 0.00, '', 0, 5, 5, '2025-09-12 12:02:35', '2025-09-12 12:03:59'),
(92, 1, 'اسماعيل', '', 0.00, 0.00, 0.00, 0.00, '', 0, 5, 5, '2025-09-12 12:02:44', '2025-09-12 12:04:45'),
(93, 1, 'ابو ناجي', '', 0.00, 0.00, 0.00, 0.00, '', 0, 5, 0, '2025-09-12 12:05:00', '2025-09-12 12:05:00'),
(94, 1, 'طاهر', '', 0.00, 0.00, 0.00, 0.00, '', 0, 5, 0, '2025-09-12 12:05:08', '2025-09-12 12:05:08'),
(95, 1, 'الورداني', '', 0.00, 0.00, 0.00, 0.00, '', 0, 5, 0, '2025-09-12 12:05:22', '2025-09-12 12:05:22'),
(96, 1, 'محمد الوصيف', '', 0.00, 0.00, 0.00, 0.00, '', 0, 5, 0, '2025-09-12 12:05:39', '2025-09-12 12:05:39'),
(97, 1, 'محمد الوصيف ٢', '', 0.00, 0.00, 0.00, 0.00, '', 0, 5, 0, '2025-09-12 12:05:49', '2025-09-12 12:05:49'),
(98, 1, 'محمد ابراهيم', '', 0.00, 0.00, 0.00, 0.00, '', 0, 5, 0, '2025-09-12 12:05:58', '2025-09-12 12:05:58'),
(99, 1, 'احمد الغيطاني', '', 0.00, 0.00, 0.00, 0.00, '', 0, 5, 0, '2025-09-12 12:06:09', '2025-09-12 12:06:09'),
(100, 1, 'الغيطاني ٢', '', 0.00, 0.00, 0.00, 0.00, '', 0, 5, 0, '2025-09-12 12:06:20', '2025-09-12 12:06:20'),
(101, 1, 'احمد جمال', '', 0.00, 0.00, 0.00, 0.00, '', 0, 5, 0, '2025-09-12 12:06:28', '2025-09-12 12:06:28'),
(102, 1, 'احمد ابو الحسن', '', 0.00, 0.00, 0.00, 0.00, '', 0, 5, 0, '2025-09-12 12:06:38', '2025-09-12 12:06:38'),
(103, 1, 'حسام', '', 0.00, 0.00, 0.00, 0.00, '', 0, 5, 0, '2025-09-12 12:06:46', '2025-09-12 12:06:46'),
(104, 1, 'محمد غانم', '', 0.00, 0.00, 0.00, 0.00, '', 0, 5, 0, '2025-09-12 12:06:55', '2025-09-12 12:06:55'),
(105, 1, 'فوزي', '', 0.00, 0.00, 0.00, 0.00, '', 0, 5, 0, '2025-09-12 12:07:03', '2025-09-12 12:07:03'),
(106, 1, 'العيسوي', '', 0.00, 0.00, 0.00, 0.00, '', 0, 5, 0, '2025-09-12 12:07:11', '2025-09-12 12:07:11'),
(107, 1, 'علي', '', 0.00, 0.00, 0.00, 0.00, '', 0, 5, 0, '2025-09-12 12:07:20', '2025-09-12 12:07:20'),
(108, 1, 'العربيه', '', 0.00, 0.00, 0.00, 0.00, '', 0, 5, 5, '2025-09-12 12:08:42', '2025-09-13 07:13:11'),
(109, 1, 'مديح', '', 0.00, 0.00, 0.00, 0.00, '', 0, 5, 0, '2025-09-12 12:08:50', '2025-09-12 12:08:50'),
(110, 1, 'ابو مسعد', '', 0.00, 0.00, 0.00, 0.00, '', 0, 5, 0, '2025-09-12 12:08:59', '2025-09-12 12:08:59'),
(111, 1, 'وائل', '', 0.00, 0.00, 0.00, 0.00, '', 0, 5, 0, '2025-09-12 12:09:08', '2025-09-12 12:09:08'),
(112, 1, 'ابو العبيدي', '', 0.00, 0.00, 0.00, 0.00, '', 0, 5, 0, '2025-09-12 12:09:19', '2025-09-12 12:09:19'),
(113, 1, 'ابو العبيدي ٢', '', 0.00, 0.00, 0.00, 0.00, '', 0, 5, 0, '2025-09-12 12:09:32', '2025-09-12 12:09:32'),
(114, 1, 'ناصر', '', 0.00, 0.00, 0.00, 0.00, '', 0, 5, 0, '2025-09-12 12:09:41', '2025-09-12 12:09:41'),
(115, 0, 'محمد تمراز', '', 0.00, 0.00, 0.00, 0.00, 'المطريه', 0, 5, 0, '2025-09-12 17:46:08', '2025-09-12 17:46:08'),
(116, 0, 'علوش', '', 0.00, 0.00, 0.00, 0.00, 'المطريه', 0, 5, 0, '2025-09-12 17:46:33', '2025-09-12 17:46:33'),
(117, 1, 'مورد مبيعات', '', 0.00, 0.00, 0.00, 0.00, '', 0, 5, 0, '2025-09-21 12:00:41', '2025-09-21 12:00:41');

-- --------------------------------------------------------

--
-- Table structure for table `client_accounts`
--

DROP TABLE IF EXISTS `client_accounts`;
CREATE TABLE IF NOT EXISTS `client_accounts` (
  `id` bigint UNSIGNED NOT NULL AUTO_INCREMENT,
  `client_id` int NOT NULL,
  `debit` decimal(20,2) NOT NULL,
  `credit` decimal(20,2) NOT NULL,
  `opening_balance_debit` decimal(20,2) NOT NULL,
  `opening_balance_credit` decimal(20,2) NOT NULL,
  `balance` decimal(20,2) NOT NULL,
  `user_ins` int NOT NULL DEFAULT '0',
  `user_upd` int NOT NULL DEFAULT '0',
  `created_at` timestamp NULL DEFAULT NULL,
  `updated_at` timestamp NULL DEFAULT NULL,
  PRIMARY KEY (`id`)
) ENGINE=MyISAM AUTO_INCREMENT=92 DEFAULT CHARSET=utf8mb4 COLLATE=utf8mb4_unicode_ci;

--
-- Dumping data for table `client_accounts`
--

INSERT INTO `client_accounts` (`id`, `client_id`, `debit`, `credit`, `opening_balance_debit`, `opening_balance_credit`, `balance`, `user_ins`, `user_upd`, `created_at`, `updated_at`) VALUES
(1, 1, 0.00, 0.00, 836040.00, 0.00, 0.00, 5, 0, '2025-09-12 10:57:21', '2025-09-12 10:57:21'),
(2, 2, 720000.00, 0.00, 326509.00, 0.00, -720000.00, 5, 0, '2025-09-12 10:57:54', '2025-09-13 07:20:11'),
(3, 3, 0.00, 0.00, 13750.00, 0.00, 0.00, 5, 0, '2025-09-12 10:58:35', '2025-09-12 10:58:35'),
(4, 4, 0.00, 0.00, 528976.00, 0.00, 0.00, 5, 0, '2025-09-12 10:59:35', '2025-09-12 10:59:35'),
(5, 5, 0.00, 0.00, 630000.00, 0.00, 0.00, 5, 0, '2025-09-12 11:00:22', '2025-09-12 11:00:22'),
(6, 6, 0.00, 0.00, 229051.00, 0.00, 0.00, 5, 0, '2025-09-12 11:00:50', '2025-09-12 11:00:50'),
(7, 7, 0.00, 0.00, 505885.00, 0.00, 0.00, 5, 5, '2025-09-12 11:01:26', '2025-09-12 11:01:43'),
(8, 8, 0.00, 0.00, 385536.00, 0.00, 0.00, 5, 0, '2025-09-12 11:02:20', '2025-09-12 11:02:20'),
(9, 9, 0.00, 0.00, 393072.00, 0.00, 0.00, 5, 0, '2025-09-12 11:03:12', '2025-09-12 11:03:12'),
(10, 10, 0.00, 0.00, 4988566.00, 0.00, 0.00, 5, 0, '2025-09-12 11:03:46', '2025-09-12 11:03:46'),
(11, 11, 0.00, 0.00, 1684461.00, 0.00, 0.00, 5, 0, '2025-09-12 11:04:28', '2025-09-12 11:04:28'),
(12, 12, 0.00, 0.00, 20000.00, 0.00, 0.00, 5, 0, '2025-09-12 11:05:18', '2025-09-12 11:05:18'),
(13, 13, 0.00, 0.00, 517143.00, 0.00, 0.00, 5, 0, '2025-09-12 11:06:02', '2025-09-12 11:06:02'),
(14, 14, 0.00, 30000.00, 179111.00, 0.00, 30000.00, 5, 0, '2025-09-12 11:06:47', '2025-09-12 16:35:49'),
(15, 15, 0.00, 0.00, 1125137.00, 0.00, 0.00, 5, 0, '2025-09-12 11:07:26', '2025-09-12 11:07:26'),
(16, 16, 0.00, 0.00, 60000.00, 0.00, 0.00, 5, 0, '2025-09-12 11:08:05', '2025-09-12 11:08:05'),
(17, 17, 0.00, 0.00, 71400.00, 0.00, 0.00, 5, 0, '2025-09-12 11:08:44', '2025-09-12 11:08:44'),
(18, 18, 0.00, 0.00, 738038.00, 0.00, 0.00, 5, 0, '2025-09-12 11:09:21', '2025-09-12 11:09:21'),
(19, 19, 0.00, 0.00, 1157387.00, 0.00, 0.00, 5, 0, '2025-09-12 11:10:08', '2025-09-12 11:10:08'),
(20, 20, 0.00, 0.00, 73778.00, 0.00, 0.00, 5, 0, '2025-09-12 11:10:40', '2025-09-12 11:10:40'),
(21, 21, 0.00, 0.00, 311766.00, 0.00, 0.00, 5, 0, '2025-09-12 11:11:11', '2025-09-12 11:11:11'),
(22, 22, 0.00, 0.00, 705745.00, 0.00, 0.00, 5, 0, '2025-09-12 11:11:48', '2025-09-12 11:11:48'),
(23, 23, 0.00, 0.00, 234738.00, 0.00, 0.00, 5, 0, '2025-09-12 11:12:15', '2025-09-12 11:12:15'),
(24, 24, 0.00, 0.00, 37016.00, 0.00, 0.00, 5, 0, '2025-09-12 11:12:53', '2025-09-12 11:12:53'),
(25, 25, 0.00, 0.00, 2304.00, 0.00, 0.00, 5, 0, '2025-09-12 11:13:26', '2025-09-12 11:13:26'),
(26, 26, 0.00, 0.00, 250000.00, 0.00, 0.00, 5, 0, '2025-09-12 11:13:59', '2025-09-12 11:13:59'),
(27, 32, 40000.00, 0.00, 0.00, 0.00, -40000.00, 5, 0, '2025-09-12 16:36:00', '2025-09-12 16:36:00'),
(28, 112, 1500.00, 0.00, 0.00, 0.00, -1500.00, 5, 0, '2025-09-12 16:36:04', '2025-09-12 16:36:04'),
(29, 72, 22000.00, 0.00, 0.00, 0.00, -22000.00, 5, 0, '2025-09-12 16:50:46', '2025-09-12 16:50:46'),
(30, 52, 20000.00, 0.00, 0.00, 0.00, -20000.00, 5, 0, '2025-09-12 16:50:49', '2025-09-12 16:50:49'),
(31, 56, 10000.00, 0.00, 0.00, 0.00, -10000.00, 5, 0, '2025-09-12 16:54:53', '2025-09-12 16:54:53'),
(32, 29, 40000.00, 0.00, 0.00, 0.00, -40000.00, 5, 0, '2025-09-12 16:54:55', '2025-09-12 16:54:55'),
(33, 40, 51750.00, 0.00, 0.00, 0.00, -51750.00, 5, 0, '2025-09-12 16:54:58', '2025-09-12 16:54:58'),
(34, 105, 5000.00, 0.00, 0.00, 0.00, -5000.00, 5, 0, '2025-09-12 16:55:00', '2025-09-12 16:55:00'),
(35, 78, 5000.00, 0.00, 0.00, 0.00, -5000.00, 5, 0, '2025-09-12 16:55:13', '2025-09-12 16:55:13'),
(36, 85, 27000.00, 0.00, 0.00, 0.00, -27000.00, 5, 0, '2025-09-12 17:03:02', '2025-09-12 17:03:02'),
(37, 87, 20000.00, 0.00, 0.00, 0.00, -20000.00, 5, 0, '2025-09-12 17:03:15', '2025-09-12 17:03:15'),
(38, 41, 23000.00, 0.00, 0.00, 0.00, -23000.00, 5, 0, '2025-09-12 17:03:28', '2025-09-12 17:03:28'),
(39, 82, 5000.00, 0.00, 0.00, 0.00, -5000.00, 5, 0, '2025-09-12 17:03:44', '2025-09-12 17:03:44'),
(40, 74, 9000.00, 0.00, 0.00, 0.00, -9000.00, 5, 0, '2025-09-12 17:03:54', '2025-09-12 17:03:54'),
(41, 116, 10815.00, 0.00, 0.00, 0.00, -10815.00, 5, 0, '2025-09-13 07:20:15', '2025-09-13 07:20:15'),
(42, 67, 30000.00, 0.00, 0.00, 0.00, -30000.00, 5, 0, '2025-09-13 07:46:52', '2025-09-13 07:46:52'),
(43, 77, 5000.00, 0.00, 0.00, 0.00, -5000.00, 5, 0, '2025-09-13 07:47:04', '2025-09-13 07:47:04'),
(44, 90, 15000.00, 0.00, 0.00, 0.00, -15000.00, 5, 0, '2025-09-13 07:47:12', '2025-09-13 07:47:12'),
(45, 83, 18000.00, 0.00, 0.00, 0.00, -18000.00, 5, 0, '2025-09-13 07:47:19', '2025-09-13 07:47:19'),
(46, 31, 20000.00, 0.00, 0.00, 0.00, -20000.00, 5, 0, '2025-09-13 07:47:27', '2025-09-13 07:47:27'),
(47, 95, 7000.00, 0.00, 0.00, 0.00, -7000.00, 5, 0, '2025-09-13 07:47:35', '2025-09-13 07:47:35'),
(48, 65, 25000.00, 0.00, 0.00, 0.00, -25000.00, 5, 0, '2025-09-13 07:48:51', '2025-09-13 07:48:51'),
(49, 44, 50000.00, 0.00, 0.00, 0.00, -50000.00, 5, 0, '2025-09-13 07:48:59', '2025-09-13 07:48:59'),
(50, 101, 20000.00, 0.00, 0.00, 0.00, -20000.00, 5, 0, '2025-09-13 07:49:08', '2025-09-13 07:49:08'),
(51, 59, 30000.00, 0.00, 0.00, 0.00, -30000.00, 5, 0, '2025-09-13 07:49:16', '2025-09-13 07:49:16'),
(52, 111, 2500.00, 0.00, 0.00, 0.00, -2500.00, 5, 0, '2025-09-13 07:49:26', '2025-09-13 07:49:26'),
(53, 71, 25000.00, 0.00, 0.00, 0.00, -25000.00, 5, 0, '2025-09-13 07:49:34', '2025-09-13 07:49:34'),
(54, 42, 13000.00, 0.00, 0.00, 0.00, -13000.00, 5, 0, '2025-09-13 07:49:41', '2025-09-13 07:49:41'),
(55, 88, 20000.00, 0.00, 0.00, 0.00, -20000.00, 5, 0, '2025-09-13 07:49:47', '2025-09-13 07:49:47'),
(56, 34, 35000.00, 0.00, 0.00, 0.00, -35000.00, 5, 0, '2025-09-13 07:49:53', '2025-09-13 07:49:53'),
(57, 73, 25000.00, 0.00, 0.00, 0.00, -25000.00, 5, 0, '2025-09-13 07:50:32', '2025-09-13 07:50:32'),
(58, 36, 40000.00, 0.00, 0.00, 0.00, -40000.00, 5, 0, '2025-09-13 07:50:38', '2025-09-13 07:50:38'),
(59, 63, 20000.00, 0.00, 0.00, 0.00, -20000.00, 5, 0, '2025-09-13 07:50:43', '2025-09-13 07:50:43'),
(60, 96, 25000.00, 0.00, 0.00, 0.00, -25000.00, 5, 0, '2025-09-13 07:50:49', '2025-09-13 07:50:49'),
(61, 102, 15000.00, 0.00, 0.00, 0.00, -15000.00, 5, 0, '2025-09-13 07:50:55', '2025-09-13 07:50:55'),
(62, 108, 75000.00, 0.00, 0.00, 0.00, -75000.00, 5, 0, '2025-09-13 07:51:04', '2025-09-13 07:51:04'),
(63, 37, 200000.00, 0.00, 0.00, 0.00, -200000.00, 5, 0, '2025-09-13 07:51:12', '2025-09-13 07:51:12'),
(64, 46, 40000.00, 0.00, 0.00, 0.00, -40000.00, 5, 0, '2025-09-13 07:51:20', '2025-09-13 07:51:20'),
(65, 107, 113500.00, 0.00, 0.00, 0.00, -113500.00, 5, 0, '2025-09-13 07:51:30', '2025-09-13 07:51:30'),
(66, 80, 12000.00, 0.00, 0.00, 0.00, -12000.00, 5, 0, '2025-09-13 07:51:37', '2025-09-13 07:51:37'),
(67, 55, 20000.00, 0.00, 0.00, 0.00, -20000.00, 5, 0, '2025-09-13 07:51:43', '2025-09-13 07:51:43'),
(68, 43, 2500.00, 0.00, 0.00, 0.00, -2500.00, 5, 0, '2025-09-13 07:51:54', '2025-09-13 07:51:54'),
(69, 57, 12000.00, 0.00, 0.00, 0.00, -12000.00, 5, 0, '2025-09-13 07:51:59', '2025-09-13 07:51:59'),
(70, 75, 12000.00, 0.00, 0.00, 0.00, -12000.00, 5, 0, '2025-09-13 07:52:06', '2025-09-13 07:52:06'),
(71, 92, 10000.00, 0.00, 0.00, 0.00, -10000.00, 5, 0, '2025-09-13 07:52:11', '2025-09-13 07:52:11'),
(72, 69, 2500.00, 0.00, 0.00, 0.00, -2500.00, 5, 0, '2025-09-13 07:52:17', '2025-09-13 07:52:17'),
(73, 70, 5000.00, 0.00, 0.00, 0.00, -5000.00, 5, 0, '2025-09-13 07:52:25', '2025-09-13 07:52:25'),
(74, 98, 18000.00, 0.00, 0.00, 0.00, -18000.00, 5, 0, '2025-09-13 07:52:31', '2025-09-13 07:52:31'),
(75, 79, 30000.00, 0.00, 0.00, 0.00, -30000.00, 5, 0, '2025-09-13 07:52:36', '2025-09-13 07:52:36'),
(76, 58, 20000.00, 0.00, 0.00, 0.00, -20000.00, 5, 0, '2025-09-13 07:52:42', '2025-09-13 07:52:42'),
(77, 76, 22000.00, 0.00, 0.00, 0.00, -22000.00, 5, 0, '2025-09-13 07:52:52', '2025-09-13 07:52:52'),
(78, 39, 40000.00, 0.00, 0.00, 0.00, -40000.00, 5, 0, '2025-09-13 07:53:04', '2025-09-13 07:53:04'),
(79, 106, 40000.00, 0.00, 0.00, 0.00, -40000.00, 5, 0, '2025-09-13 07:53:11', '2025-09-13 07:53:11'),
(80, 33, 40000.00, 0.00, 0.00, 0.00, -40000.00, 5, 0, '2025-09-13 07:53:20', '2025-09-13 07:53:20'),
(81, 81, 15000.00, 0.00, 0.00, 0.00, -15000.00, 5, 0, '2025-09-13 07:53:29', '2025-09-13 07:53:29'),
(82, 53, 50000.00, 0.00, 0.00, 0.00, -50000.00, 5, 0, '2025-09-13 07:53:57', '2025-09-13 07:53:57'),
(83, 38, 35000.00, 0.00, 0.00, 0.00, -35000.00, 5, 0, '2025-09-13 07:54:06', '2025-09-13 07:54:13'),
(84, 99, 10000.00, 0.00, 0.00, 0.00, -10000.00, 5, 0, '2025-09-13 07:54:18', '2025-09-13 07:54:18'),
(85, 50, 45000.00, 0.00, 0.00, 0.00, -45000.00, 5, 0, '2025-09-13 07:54:31', '2025-09-13 07:54:31'),
(86, 48, 180000.00, 0.00, 0.00, 0.00, -180000.00, 5, 0, '2025-09-13 07:54:54', '2025-09-13 07:55:02'),
(87, 104, 25000.00, 0.00, 0.00, 0.00, -25000.00, 5, 0, '2025-09-13 07:55:09', '2025-09-13 07:55:09'),
(88, 51, 30000.00, 0.00, 0.00, 0.00, -30000.00, 5, 0, '2025-09-13 07:55:19', '2025-09-13 07:55:19'),
(89, 27, 100000.00, 0.00, 0.00, 0.00, -100000.00, 5, 0, '2025-09-13 07:55:25', '2025-09-13 07:55:25'),
(90, 54, 100000.00, 0.00, 0.00, 0.00, -100000.00, 5, 0, '2025-09-13 07:55:30', '2025-09-13 07:55:30'),
(91, 117, 28800.00, 0.00, 0.00, 0.00, -28800.00, 5, 0, '2025-09-21 12:01:14', '2025-09-21 12:01:14');

-- --------------------------------------------------------

--
-- Table structure for table `daily_milk_meals`
--

DROP TABLE IF EXISTS `daily_milk_meals`;
CREATE TABLE IF NOT EXISTS `daily_milk_meals` (
  `id` bigint UNSIGNED NOT NULL AUTO_INCREMENT,
  `code` varchar(191) CHARACTER SET utf8mb4 COLLATE utf8mb4_unicode_ci NOT NULL,
  `weakly_meal_id` int NOT NULL,
  `type` int NOT NULL,
  `date` timestamp NOT NULL DEFAULT CURRENT_TIMESTAMP,
  `supplier_id` int NOT NULL,
  `buffalo_weight` decimal(20,2) NOT NULL,
  `bovine_weight` decimal(20,2) NOT NULL,
  `notes` text CHARACTER SET utf8mb4 COLLATE utf8mb4_unicode_ci NOT NULL,
  `hasBonus` int NOT NULL DEFAULT '0',
  `bonus` decimal(12,2) NOT NULL DEFAULT '0.00',
  `total` decimal(20,2) NOT NULL DEFAULT '0.00',
  `isManufactured` int NOT NULL DEFAULT '0',
  `car_meal_id` int NOT NULL DEFAULT '0',
  `buffalo_price` decimal(20,2) NOT NULL DEFAULT '0.00',
  `bovine_price` decimal(20,2) NOT NULL DEFAULT '0.00',
  `isPaid` int NOT NULL DEFAULT '0',
  `state` int NOT NULL DEFAULT '0',
  `paid` decimal(20,2) NOT NULL DEFAULT '0.00',
  `cheese_meal_id` int NOT NULL DEFAULT '0',
  `user_ins` int NOT NULL DEFAULT '0',
  `user_upd` int NOT NULL DEFAULT '0',
  `created_at` timestamp NULL DEFAULT NULL,
  `updated_at` timestamp NULL DEFAULT NULL,
  PRIMARY KEY (`id`)
) ENGINE=MyISAM AUTO_INCREMENT=255 DEFAULT CHARSET=utf8mb4 COLLATE=utf8mb4_unicode_ci;

--
-- Dumping data for table `daily_milk_meals`
--

INSERT INTO `daily_milk_meals` (`id`, `code`, `weakly_meal_id`, `type`, `date`, `supplier_id`, `buffalo_weight`, `bovine_weight`, `notes`, `hasBonus`, `bonus`, `total`, `isManufactured`, `car_meal_id`, `buffalo_price`, `bovine_price`, `isPaid`, `state`, `paid`, `cheese_meal_id`, `user_ins`, `user_upd`, `created_at`, `updated_at`) VALUES
(1, 'DMM1-0001', 1, 0, '2025-09-12 00:00:00', 27, 0.00, 377.00, '', 0, 0.00, 6503.25, 0, 0, 21.00, 17.25, 0, 0, 0.00, 0, 5, 0, '2025-09-13 04:52:12', '2025-09-13 04:52:12'),
(2, 'DMM1-0002', 1, 0, '2025-09-12 00:00:00', 28, 0.00, 85.00, '', 0, 0.00, 1466.25, 0, 0, 21.00, 17.25, 0, 0, 0.00, 0, 5, 0, '2025-09-13 04:52:14', '2025-09-13 04:52:14'),
(3, 'DMM1-0003', 1, 0, '2025-09-12 00:00:00', 29, 0.00, 207.00, '', 0, 0.00, 3570.75, 0, 0, 21.00, 17.25, 0, 0, 0.00, 0, 5, 0, '2025-09-13 04:52:19', '2025-09-13 04:52:19'),
(4, 'DMM1-0004', 1, 0, '2025-09-12 00:00:00', 30, 0.00, 28.00, '', 0, 0.00, 483.00, 0, 0, 21.00, 17.25, 0, 0, 0.00, 0, 5, 0, '2025-09-13 04:52:20', '2025-09-13 04:52:20'),
(5, 'DMM1-0005', 1, 0, '2025-09-12 00:00:00', 31, 0.00, 110.50, '', 0, 0.00, 1906.13, 0, 0, 21.00, 17.25, 0, 0, 0.00, 0, 5, 0, '2025-09-13 04:52:27', '2025-09-13 04:52:27'),
(6, 'DMM1-0006', 1, 0, '2025-09-12 00:00:00', 32, 0.00, 200.50, '', 0, 0.00, 3458.63, 0, 0, 21.00, 17.25, 0, 0, 0.00, 0, 5, 0, '2025-09-13 04:52:30', '2025-09-13 04:52:30'),
(7, 'DMM1-0007', 1, 0, '2025-09-12 00:00:00', 33, 0.00, 295.50, '', 0, 0.00, 5097.38, 0, 0, 21.00, 17.25, 0, 0, 0.00, 0, 5, 0, '2025-09-13 04:52:35', '2025-09-13 04:52:35'),
(8, 'DMM1-0008', 1, 0, '2025-09-12 00:00:00', 34, 0.00, 207.50, '', 0, 0.00, 3579.38, 0, 0, 21.00, 17.25, 0, 0, 0.00, 0, 5, 0, '2025-09-13 04:52:38', '2025-09-13 04:52:38'),
(9, 'DMM1-0009', 1, 0, '2025-09-12 00:00:00', 35, 0.00, 15.00, '', 0, 0.00, 258.75, 0, 0, 21.00, 17.25, 0, 0, 0.00, 0, 5, 0, '2025-09-13 04:52:41', '2025-09-13 04:52:41'),
(10, 'DMM1-0010', 1, 0, '2025-09-12 00:00:00', 36, 0.00, 234.00, '', 0, 0.00, 4036.50, 0, 0, 21.00, 17.25, 0, 0, 0.00, 0, 5, 0, '2025-09-13 04:52:44', '2025-09-13 04:52:44'),
(11, 'DMM1-0011', 1, 0, '2025-09-12 00:00:00', 37, 0.00, 1622.50, '', 0, 0.00, 27988.13, 0, 0, 21.00, 17.25, 0, 0, 0.00, 0, 5, 0, '2025-09-13 04:52:49', '2025-09-13 04:52:49'),
(12, 'DMM1-0012', 1, 0, '2025-09-12 00:00:00', 38, 0.00, 157.00, '', 0, 0.00, 2708.25, 0, 0, 21.00, 17.25, 0, 0, 0.00, 0, 5, 0, '2025-09-13 04:52:53', '2025-09-13 04:52:53'),
(13, 'DMM1-0013', 1, 0, '2025-09-12 00:00:00', 39, 0.00, 316.00, '', 0, 0.00, 5451.00, 0, 0, 21.00, 17.25, 0, 0, 0.00, 0, 5, 0, '2025-09-13 04:52:59', '2025-09-13 04:52:59'),
(14, 'DMM1-0014', 1, 0, '2025-09-12 00:00:00', 40, 0.00, 330.00, '', 0, 0.00, 5692.50, 0, 0, 21.00, 17.25, 0, 0, 0.00, 0, 5, 0, '2025-09-13 04:53:02', '2025-09-13 04:53:02'),
(15, 'DMM1-0015', 1, 0, '2025-09-12 00:00:00', 41, 0.00, 99.00, '', 0, 0.00, 1707.75, 0, 0, 21.00, 17.25, 0, 0, 0.00, 0, 5, 0, '2025-09-13 04:53:04', '2025-09-13 04:53:04'),
(16, 'DMM1-0016', 1, 0, '2025-09-12 00:00:00', 42, 0.00, 75.50, '', 0, 0.00, 1302.38, 0, 0, 21.00, 17.25, 0, 0, 0.00, 0, 5, 0, '2025-09-13 04:53:07', '2025-09-13 04:53:07'),
(17, 'DMM1-0017', 1, 0, '2025-09-12 00:00:00', 43, 0.00, 13.00, '', 0, 0.00, 224.25, 0, 0, 21.00, 17.25, 0, 0, 0.00, 0, 5, 0, '2025-09-13 04:53:10', '2025-09-13 04:53:10'),
(18, 'DMM1-0018', 1, 0, '2025-09-12 00:00:00', 44, 0.00, 869.00, '', 0, 0.00, 14990.25, 0, 0, 21.00, 17.25, 0, 0, 0.00, 0, 5, 0, '2025-09-13 04:53:13', '2025-09-13 04:53:13'),
(19, 'DMM1-0019', 1, 0, '2025-09-12 00:00:00', 45, 0.00, 60.00, '', 0, 0.00, 1035.00, 0, 0, 21.00, 17.25, 0, 0, 0.00, 0, 5, 0, '2025-09-13 04:53:16', '2025-09-13 04:53:16'),
(20, 'DMM1-0020', 1, 0, '2025-09-12 00:00:00', 46, 0.00, 371.00, '', 0, 0.00, 6399.75, 0, 0, 21.00, 17.25, 0, 0, 0.00, 0, 5, 0, '2025-09-13 04:53:19', '2025-09-13 04:53:19'),
(21, 'DMM1-0021', 1, 0, '2025-09-12 00:00:00', 47, 0.00, 247.00, '', 0, 0.00, 4260.75, 0, 0, 21.00, 17.25, 0, 0, 0.00, 0, 5, 0, '2025-09-13 04:53:24', '2025-09-13 04:53:24'),
(22, 'DMM1-0022', 1, 0, '2025-09-12 00:00:00', 48, 0.00, 847.00, '', 0, 0.00, 14610.75, 0, 0, 21.00, 17.25, 0, 0, 0.00, 0, 5, 0, '2025-09-13 04:53:28', '2025-09-13 04:53:28'),
(23, 'DMM1-0023', 1, 0, '2025-09-12 00:00:00', 49, 0.00, 734.00, '', 0, 0.00, 12661.50, 0, 0, 21.00, 17.25, 0, 0, 0.00, 0, 5, 0, '2025-09-13 04:53:32', '2025-09-13 04:53:32'),
(24, 'DMM1-0024', 1, 0, '2025-09-12 00:00:00', 50, 0.00, 335.00, '', 0, 0.00, 5778.75, 0, 0, 21.00, 17.25, 0, 0, 0.00, 0, 5, 0, '2025-09-13 04:53:35', '2025-09-13 04:53:35'),
(25, 'DMM1-0025', 1, 0, '2025-09-12 00:00:00', 51, 0.00, 231.50, '', 0, 0.00, 3993.38, 0, 0, 21.00, 17.25, 0, 0, 0.00, 0, 5, 0, '2025-09-13 04:53:39', '2025-09-13 04:53:39'),
(26, 'DMM1-0026', 1, 0, '2025-09-12 00:00:00', 52, 0.00, 144.00, '', 0, 0.00, 2484.00, 0, 0, 21.00, 17.25, 0, 0, 0.00, 0, 5, 0, '2025-09-13 04:53:41', '2025-09-13 04:53:41'),
(27, 'DMM1-0027', 1, 0, '2025-09-12 00:00:00', 53, 0.00, 254.00, '', 0, 0.00, 4381.50, 0, 0, 21.00, 17.25, 0, 0, 0.00, 0, 5, 0, '2025-09-13 04:53:46', '2025-09-13 04:53:46'),
(28, 'DMM1-0028', 1, 0, '2025-09-12 00:00:00', 54, 0.00, 924.00, '', 0, 0.00, 15939.00, 0, 0, 21.00, 17.25, 0, 0, 0.00, 0, 5, 0, '2025-09-13 04:53:49', '2025-09-13 04:53:49'),
(29, 'DMM1-0029', 1, 0, '2025-09-12 00:00:00', 55, 0.00, 101.00, '', 0, 0.00, 1742.25, 0, 0, 21.00, 17.25, 0, 0, 0.00, 0, 5, 0, '2025-09-13 04:53:53', '2025-09-13 04:53:53'),
(30, 'DMM1-0030', 1, 0, '2025-09-12 00:00:00', 56, 0.00, 96.50, '', 0, 0.00, 1664.63, 0, 0, 21.00, 17.25, 0, 0, 0.00, 0, 5, 0, '2025-09-13 04:54:10', '2025-09-13 04:54:10'),
(31, 'DMM1-0031', 1, 0, '2025-09-12 00:00:00', 57, 0.00, 136.00, '', 0, 0.00, 2346.00, 0, 0, 21.00, 17.25, 0, 0, 0.00, 0, 5, 0, '2025-09-13 04:54:14', '2025-09-13 04:54:14'),
(32, 'DMM1-0032', 1, 0, '2025-09-12 00:00:00', 58, 0.00, 132.50, '', 0, 0.00, 2285.63, 0, 0, 21.00, 17.25, 0, 0, 0.00, 0, 5, 0, '2025-09-13 04:54:34', '2025-09-13 04:54:34'),
(33, 'DMM1-0033', 1, 0, '2025-09-12 00:00:00', 59, 0.00, 375.00, '', 0, 0.00, 6468.75, 0, 0, 21.00, 17.25, 0, 0, 0.00, 0, 5, 0, '2025-09-13 04:54:37', '2025-09-13 04:54:37'),
(34, 'DMM1-0034', 1, 0, '2025-09-12 00:00:00', 60, 0.00, 11.00, '', 0, 0.00, 189.75, 0, 0, 21.00, 17.25, 0, 0, 0.00, 0, 5, 0, '2025-09-13 04:54:39', '2025-09-13 04:54:39'),
(35, 'DMM1-0035', 1, 0, '2025-09-12 00:00:00', 61, 0.00, 119.00, '', 0, 0.00, 2052.75, 0, 0, 21.00, 17.25, 0, 0, 0.00, 0, 5, 0, '2025-09-13 04:54:41', '2025-09-13 04:54:41'),
(36, 'DMM1-0036', 1, 0, '2025-09-12 00:00:00', 62, 0.00, 7.00, '', 0, 0.00, 120.75, 0, 0, 21.00, 17.25, 0, 0, 0.00, 0, 5, 0, '2025-09-13 04:54:44', '2025-09-13 04:54:44'),
(37, 'DMM1-0037', 1, 0, '2025-09-12 00:00:00', 63, 0.00, 196.00, '', 0, 0.00, 3381.00, 0, 0, 21.00, 17.25, 0, 0, 0.00, 0, 5, 0, '2025-09-13 04:54:46', '2025-09-13 04:54:46'),
(38, 'DMM1-0038', 1, 0, '2025-09-12 00:00:00', 64, 0.00, 12.50, '', 0, 0.00, 215.63, 0, 0, 21.00, 17.25, 0, 0, 0.00, 0, 5, 0, '2025-09-13 04:54:51', '2025-09-13 04:54:51'),
(39, 'DMM1-0039', 1, 0, '2025-09-12 00:00:00', 65, 0.00, 145.50, '', 0, 0.00, 2509.88, 0, 0, 21.00, 17.25, 0, 0, 0.00, 0, 5, 0, '2025-09-13 04:54:57', '2025-09-13 04:54:57'),
(40, 'DMM1-0040', 1, 0, '2025-09-12 00:00:00', 66, 0.00, 18.00, '', 0, 0.00, 310.50, 0, 0, 21.00, 17.25, 0, 0, 0.00, 0, 5, 0, '2025-09-13 04:55:00', '2025-09-13 04:55:00'),
(41, 'DMM1-0041', 1, 0, '2025-09-12 00:00:00', 67, 0.00, 183.00, '', 0, 0.00, 3156.75, 0, 0, 21.00, 17.25, 0, 0, 0.00, 0, 5, 0, '2025-09-13 04:55:03', '2025-09-13 04:55:03'),
(42, 'DMM1-0042', 1, 0, '2025-09-12 00:00:00', 68, 0.00, 10.00, '', 0, 0.00, 172.50, 0, 0, 21.00, 17.25, 0, 0, 0.00, 0, 5, 0, '2025-09-13 04:55:08', '2025-09-13 04:55:08'),
(43, 'DMM1-0043', 1, 0, '2025-09-12 00:00:00', 69, 0.00, 57.00, '', 0, 0.00, 983.25, 0, 0, 21.00, 17.25, 0, 0, 0.00, 0, 5, 0, '2025-09-13 04:55:27', '2025-09-13 04:55:27'),
(44, 'DMM1-0044', 1, 0, '2025-09-12 00:00:00', 70, 0.00, 235.00, '', 0, 0.00, 4053.75, 0, 0, 21.00, 17.25, 0, 0, 0.00, 0, 5, 0, '2025-09-13 04:55:29', '2025-09-13 04:55:29'),
(45, 'DMM1-0045', 1, 0, '2025-09-12 00:00:00', 71, 0.00, 127.00, '', 0, 0.00, 2190.75, 0, 0, 21.00, 17.25, 0, 0, 0.00, 0, 5, 0, '2025-09-13 04:55:32', '2025-09-13 04:55:32'),
(46, 'DMM1-0046', 1, 0, '2025-09-12 00:00:00', 72, 0.00, 111.50, '', 0, 0.00, 1923.38, 0, 0, 21.00, 17.25, 0, 0, 0.00, 0, 5, 0, '2025-09-13 04:55:36', '2025-09-13 04:55:36'),
(47, 'DMM1-0047', 1, 0, '2025-09-12 00:00:00', 73, 0.00, 180.00, '', 0, 0.00, 3105.00, 0, 0, 21.00, 17.25, 0, 0, 0.00, 0, 5, 0, '2025-09-13 04:55:47', '2025-09-13 04:55:47'),
(48, 'DMM1-0048', 1, 0, '2025-09-12 00:00:00', 74, 0.00, 54.50, '', 0, 0.00, 940.13, 0, 0, 21.00, 17.25, 0, 0, 0.00, 0, 5, 0, '2025-09-13 04:55:51', '2025-09-13 04:55:51'),
(49, 'DMM1-0049', 1, 0, '2025-09-12 00:00:00', 75, 0.00, 87.00, '', 0, 0.00, 1500.75, 0, 0, 21.00, 17.25, 0, 0, 0.00, 0, 5, 0, '2025-09-13 04:56:00', '2025-09-13 04:56:00'),
(50, 'DMM1-0050', 1, 0, '2025-09-12 00:00:00', 76, 0.00, 105.50, '', 0, 0.00, 1819.88, 0, 0, 21.00, 17.25, 0, 0, 0.00, 0, 5, 0, '2025-09-13 04:56:04', '2025-09-13 04:56:04'),
(51, 'DMM1-0051', 1, 0, '2025-09-12 00:00:00', 77, 0.00, 51.00, '', 0, 0.00, 879.75, 0, 0, 21.00, 17.25, 0, 0, 0.00, 0, 5, 0, '2025-09-13 04:56:07', '2025-09-13 04:56:07'),
(52, 'DMM1-0052', 1, 0, '2025-09-12 00:00:00', 78, 0.00, 25.00, '', 0, 0.00, 431.25, 0, 0, 21.00, 17.25, 0, 0, 0.00, 0, 5, 0, '2025-09-13 04:56:09', '2025-09-13 04:56:09'),
(53, 'DMM1-0053', 1, 0, '2025-09-12 00:00:00', 79, 0.00, 145.00, '', 0, 0.00, 2501.25, 0, 0, 21.00, 17.25, 0, 0, 0.00, 0, 5, 0, '2025-09-13 04:56:13', '2025-09-13 04:56:13'),
(54, 'DMM1-0054', 1, 0, '2025-09-12 00:00:00', 80, 0.00, 77.50, '', 0, 0.00, 1336.88, 0, 0, 21.00, 17.25, 0, 0, 0.00, 0, 5, 0, '2025-09-13 04:56:16', '2025-09-13 04:56:16'),
(55, 'DMM1-0055', 1, 0, '2025-09-12 00:00:00', 81, 0.00, 97.50, '', 0, 0.00, 1681.88, 0, 0, 21.00, 17.25, 0, 0, 0.00, 0, 5, 0, '2025-09-13 04:56:20', '2025-09-13 04:56:20'),
(56, 'DMM1-0056', 1, 0, '2025-09-12 00:00:00', 82, 0.00, 64.50, '', 0, 0.00, 1112.63, 0, 0, 21.00, 17.25, 0, 0, 0.00, 0, 5, 0, '2025-09-13 04:56:23', '2025-09-13 04:56:23'),
(57, 'DMM1-0057', 1, 0, '2025-09-12 00:00:00', 83, 0.00, 87.50, '', 0, 0.00, 1509.38, 0, 0, 21.00, 17.25, 0, 0, 0.00, 0, 5, 0, '2025-09-13 04:56:36', '2025-09-13 04:56:36'),
(58, 'DMM1-0058', 1, 0, '2025-09-12 00:00:00', 84, 0.00, 3.00, '', 0, 0.00, 51.75, 0, 0, 21.00, 17.25, 0, 0, 0.00, 0, 5, 0, '2025-09-13 04:56:38', '2025-09-13 04:56:38'),
(59, 'DMM1-0059', 1, 0, '2025-09-12 00:00:00', 85, 0.00, 134.50, '', 0, 0.00, 2320.13, 0, 0, 21.00, 17.25, 0, 0, 0.00, 0, 5, 0, '2025-09-13 04:56:43', '2025-09-13 04:56:43'),
(60, 'DMM1-0060', 1, 0, '2025-09-12 00:00:00', 86, 0.00, 3.00, '', 0, 0.00, 51.75, 0, 0, 21.00, 17.25, 0, 0, 0.00, 0, 5, 0, '2025-09-13 04:56:45', '2025-09-13 04:56:45'),
(61, 'DMM1-0061', 1, 0, '2025-09-12 00:00:00', 87, 0.00, 60.50, '', 0, 0.00, 1043.63, 0, 0, 21.00, 17.25, 0, 0, 0.00, 0, 5, 0, '2025-09-13 04:57:05', '2025-09-13 04:57:05'),
(62, 'DMM1-0062', 1, 0, '2025-09-12 00:00:00', 88, 0.00, 90.00, '', 0, 0.00, 1552.50, 0, 0, 21.00, 17.25, 0, 0, 0.00, 0, 5, 0, '2025-09-13 04:57:09', '2025-09-13 04:57:09'),
(63, 'DMM1-0063', 1, 0, '2025-09-12 00:00:00', 90, 0.00, 74.00, '', 0, 0.00, 1276.50, 0, 0, 21.00, 17.25, 0, 0, 0.00, 0, 5, 0, '2025-09-13 04:57:12', '2025-09-13 04:57:18'),
(64, 'DMM1-0064', 1, 0, '2025-09-12 00:00:00', 91, 0.00, 1.00, '', 0, 0.00, 17.25, 0, 0, 21.00, 17.25, 0, 0, 0.00, 0, 5, 0, '2025-09-13 04:57:21', '2025-09-13 04:57:21'),
(65, 'DMM1-0065', 1, 0, '2025-09-12 00:00:00', 92, 0.00, 71.50, '', 0, 0.00, 1233.38, 0, 0, 21.00, 17.25, 0, 0, 0.00, 0, 5, 0, '2025-09-13 04:57:28', '2025-09-13 04:57:28'),
(66, 'DMM1-0066', 1, 0, '2025-09-12 00:00:00', 93, 0.00, 58.00, '', 0, 0.00, 1000.50, 0, 0, 21.00, 17.25, 0, 0, 0.00, 0, 5, 0, '2025-09-13 04:57:31', '2025-09-13 04:57:31'),
(67, 'DMM1-0067', 1, 0, '2025-09-12 00:00:00', 94, 0.00, 91.00, '', 0, 0.00, 1569.75, 0, 0, 21.00, 17.25, 0, 0, 0.00, 0, 5, 0, '2025-09-13 04:57:37', '2025-09-13 04:57:37'),
(68, 'DMM1-0068', 1, 0, '2025-09-12 00:00:00', 95, 0.00, 44.50, '', 0, 0.00, 767.63, 0, 0, 21.00, 17.25, 0, 0, 0.00, 0, 5, 0, '2025-09-13 04:57:40', '2025-09-13 04:57:40'),
(69, 'DMM1-0069', 1, 0, '2025-09-12 00:00:00', 96, 0.00, 236.50, '', 0, 0.00, 4079.63, 0, 0, 21.00, 17.25, 0, 0, 0.00, 0, 5, 0, '2025-09-13 04:57:43', '2025-09-13 04:57:43'),
(70, 'DMM1-0070', 1, 0, '2025-09-12 00:00:00', 97, 0.00, 11.50, '', 0, 0.00, 198.38, 0, 0, 21.00, 17.25, 0, 0, 0.00, 0, 5, 0, '2025-09-13 04:57:47', '2025-09-13 04:57:47'),
(71, 'DMM1-0071', 1, 0, '2025-09-12 00:00:00', 98, 0.00, 84.00, '', 0, 0.00, 1449.00, 0, 0, 21.00, 17.25, 0, 0, 0.00, 0, 5, 0, '2025-09-13 04:57:49', '2025-09-13 04:57:49'),
(72, 'DMM1-0072', 1, 0, '2025-09-12 00:00:00', 99, 0.00, 97.00, '', 0, 0.00, 1673.25, 0, 0, 21.00, 17.25, 0, 0, 0.00, 0, 5, 0, '2025-09-13 04:57:51', '2025-09-13 04:57:51'),
(73, 'DMM1-0073', 1, 0, '2025-09-12 00:00:00', 100, 0.00, 7.00, '', 0, 0.00, 120.75, 0, 0, 21.00, 17.25, 0, 0, 0.00, 0, 5, 0, '2025-09-13 04:57:54', '2025-09-13 04:57:54'),
(74, 'DMM1-0074', 1, 0, '2025-09-12 00:00:00', 101, 0.00, 161.50, '', 0, 0.00, 2785.88, 0, 0, 21.00, 17.25, 0, 0, 0.00, 0, 5, 0, '2025-09-13 04:57:58', '2025-09-13 04:57:58'),
(75, 'DMM1-0075', 1, 0, '2025-09-12 00:00:00', 102, 0.00, 73.00, '', 0, 0.00, 1259.25, 0, 0, 21.00, 17.25, 0, 0, 0.00, 0, 5, 0, '2025-09-13 04:58:01', '2025-09-13 04:58:01'),
(76, 'DMM1-0076', 1, 0, '2025-09-12 00:00:00', 103, 0.00, 109.00, '', 0, 0.00, 1880.25, 0, 0, 21.00, 17.25, 0, 0, 0.00, 0, 5, 0, '2025-09-13 04:58:04', '2025-09-13 04:58:04'),
(77, 'DMM1-0077', 1, 0, '2025-09-12 00:00:00', 105, 0.00, 26.00, '', 0, 0.00, 448.50, 0, 0, 21.00, 17.25, 0, 0, 0.00, 0, 5, 0, '2025-09-13 04:58:10', '2025-09-13 04:58:10'),
(78, 'DMM1-0078', 1, 0, '2025-09-12 00:00:00', 106, 0.00, 204.00, '', 0, 0.00, 3519.00, 0, 0, 21.00, 17.25, 0, 0, 0.00, 0, 5, 0, '2025-09-13 04:58:13', '2025-09-13 04:58:13'),
(79, 'DMM1-0079', 1, 0, '2025-09-12 00:00:00', 107, 0.00, 981.00, '', 0, 0.00, 16922.25, 0, 0, 21.00, 17.25, 0, 0, 0.00, 0, 5, 0, '2025-09-13 04:58:16', '2025-09-13 04:58:16'),
(80, 'DMM1-0080', 1, 0, '2025-09-12 00:00:00', 108, 0.00, 879.00, '', 0, 0.00, 15162.75, 0, 0, 21.00, 17.25, 0, 0, 0.00, 0, 5, 0, '2025-09-13 04:58:20', '2025-09-13 04:58:20'),
(81, 'DMM1-0081', 1, 0, '2025-09-12 00:00:00', 109, 0.00, 9.00, '', 0, 0.00, 155.25, 0, 0, 21.00, 17.25, 0, 0, 0.00, 0, 5, 0, '2025-09-13 04:58:23', '2025-09-13 04:58:23'),
(82, 'DMM1-0082', 1, 0, '2025-09-12 00:00:00', 110, 0.00, 4.00, '', 0, 0.00, 69.00, 0, 0, 21.00, 17.25, 0, 0, 0.00, 0, 5, 0, '2025-09-13 04:58:25', '2025-09-13 04:58:25'),
(83, 'DMM1-0083', 1, 0, '2025-09-12 00:00:00', 111, 0.00, 11.00, '', 0, 0.00, 189.75, 0, 0, 21.00, 17.25, 0, 0, 0.00, 0, 5, 0, '2025-09-13 04:58:27', '2025-09-13 04:58:27'),
(84, 'DMM1-0084', 1, 0, '2025-09-12 00:00:00', 112, 0.00, 5.00, '', 0, 0.00, 86.25, 0, 0, 21.00, 17.25, 0, 0, 0.00, 0, 5, 0, '2025-09-13 04:58:30', '2025-09-13 04:58:30'),
(85, 'DMM1-0085', 1, 0, '2025-09-12 00:00:00', 113, 0.00, 2.50, '', 0, 0.00, 43.13, 0, 0, 21.00, 17.25, 0, 0, 0.00, 0, 5, 0, '2025-09-13 04:58:33', '2025-09-13 04:58:33'),
(86, 'DMM1-0086', 1, 0, '2025-09-12 00:00:00', 114, 0.00, 1.50, '', 0, 0.00, 25.88, 0, 0, 21.00, 17.25, 0, 0, 0.00, 0, 5, 0, '2025-09-13 04:58:39', '2025-09-13 04:58:39'),
(87, 'DME1-0087', 1, 1, '2025-09-12 00:00:00', 27, 0.00, 408.00, '', 0, 0.00, 7038.00, 0, 0, 21.00, 17.25, 0, 0, 0.00, 0, 5, 0, '2025-09-13 04:59:04', '2025-09-13 07:31:38'),
(88, 'DME1-0088', 1, 1, '2025-09-12 00:00:00', 28, 0.00, 50.00, '', 0, 0.00, 862.50, 0, 0, 21.00, 17.25, 0, 0, 0.00, 0, 5, 0, '2025-09-13 04:59:05', '2025-09-13 04:59:05'),
(89, 'DME1-0089', 1, 1, '2025-09-12 00:00:00', 29, 0.00, 171.50, '', 0, 0.00, 2958.38, 0, 0, 21.00, 17.25, 0, 0, 0.00, 0, 5, 0, '2025-09-13 04:59:09', '2025-09-13 04:59:09'),
(90, 'DME1-0090', 1, 1, '2025-09-12 00:00:00', 30, 0.00, 19.00, '', 0, 0.00, 327.75, 0, 0, 21.00, 17.25, 0, 0, 0.00, 0, 5, 0, '2025-09-13 04:59:11', '2025-09-13 04:59:11'),
(91, 'DME1-0091', 1, 1, '2025-09-12 00:00:00', 31, 0.00, 99.50, '', 0, 0.00, 1716.38, 0, 0, 21.00, 17.25, 0, 0, 0.00, 0, 5, 0, '2025-09-13 04:59:18', '2025-09-13 04:59:18'),
(92, 'DME1-0092', 1, 1, '2025-09-12 00:00:00', 32, 0.00, 219.50, '', 0, 0.00, 3786.38, 0, 0, 21.00, 17.25, 0, 0, 0.00, 0, 5, 0, '2025-09-13 04:59:22', '2025-09-13 04:59:22'),
(93, 'DME1-0093', 1, 1, '2025-09-12 00:00:00', 33, 0.00, 235.00, '', 0, 0.00, 4053.75, 0, 0, 21.00, 17.25, 0, 0, 0.00, 0, 5, 0, '2025-09-13 04:59:25', '2025-09-13 04:59:25'),
(94, 'DME1-0094', 1, 1, '2025-09-12 00:00:00', 34, 0.00, 129.00, '', 0, 0.00, 2225.25, 0, 0, 21.00, 17.25, 0, 0, 0.00, 0, 5, 0, '2025-09-13 04:59:29', '2025-09-13 04:59:29'),
(95, 'DME1-0095', 1, 1, '2025-09-12 00:00:00', 35, 0.00, 9.50, '', 0, 0.00, 163.88, 0, 0, 21.00, 17.25, 0, 0, 0.00, 0, 5, 0, '2025-09-13 04:59:31', '2025-09-13 04:59:31'),
(96, 'DME1-0096', 1, 1, '2025-09-12 00:00:00', 36, 0.00, 236.00, '', 0, 0.00, 4071.00, 0, 0, 21.00, 17.25, 0, 0, 0.00, 0, 5, 0, '2025-09-13 04:59:33', '2025-09-13 04:59:33'),
(97, 'DME1-0097', 1, 1, '2025-09-12 00:00:00', 37, 0.00, 1272.00, '', 0, 0.00, 21942.00, 0, 0, 21.00, 17.25, 0, 0, 0.00, 0, 5, 0, '2025-09-13 04:59:36', '2025-09-13 04:59:36'),
(98, 'DME1-0098', 1, 1, '2025-09-12 00:00:00', 38, 0.00, 150.00, '', 0, 0.00, 2587.50, 0, 0, 21.00, 17.25, 0, 0, 0.00, 0, 5, 0, '2025-09-13 04:59:40', '2025-09-13 04:59:40'),
(99, 'DME1-0099', 1, 1, '2025-09-12 00:00:00', 39, 0.00, 230.00, '', 0, 0.00, 3967.50, 0, 0, 21.00, 17.25, 0, 0, 0.00, 0, 5, 0, '2025-09-13 04:59:46', '2025-09-13 04:59:46'),
(100, 'DME1-0100', 1, 1, '2025-09-12 00:00:00', 40, 0.00, 293.00, '', 0, 0.00, 5054.25, 0, 0, 21.00, 17.25, 0, 0, 0.00, 0, 5, 0, '2025-09-13 04:59:51', '2025-09-13 04:59:51'),
(101, 'DME1-0101', 1, 1, '2025-09-12 00:00:00', 41, 0.00, 91.50, '', 0, 0.00, 1578.38, 0, 0, 21.00, 17.25, 0, 0, 0.00, 0, 5, 0, '2025-09-13 04:59:54', '2025-09-13 04:59:54'),
(102, 'DME1-0102', 1, 1, '2025-09-12 00:00:00', 42, 0.00, 75.00, '', 0, 0.00, 1293.75, 0, 0, 21.00, 17.25, 0, 0, 0.00, 0, 5, 0, '2025-09-13 04:59:57', '2025-09-13 04:59:57'),
(103, 'DME1-0103', 1, 1, '2025-09-12 00:00:00', 43, 0.00, 13.00, '', 0, 0.00, 224.25, 0, 0, 21.00, 17.25, 0, 0, 0.00, 0, 5, 0, '2025-09-13 05:00:08', '2025-09-13 05:00:08'),
(104, 'DME1-0104', 1, 1, '2025-09-12 00:00:00', 44, 0.00, 815.00, '', 0, 0.00, 14058.75, 0, 0, 21.00, 17.25, 0, 0, 0.00, 0, 5, 0, '2025-09-13 05:00:12', '2025-09-13 05:00:12'),
(105, 'DME1-0105', 1, 1, '2025-09-12 00:00:00', 45, 0.00, 328.00, '', 0, 0.00, 5658.00, 0, 0, 21.00, 17.25, 0, 0, 0.00, 0, 5, 0, '2025-09-13 05:00:14', '2025-09-13 05:00:14'),
(106, 'DME1-0106', 1, 1, '2025-09-12 00:00:00', 46, 0.00, 328.00, '', 0, 0.00, 5658.00, 0, 0, 21.00, 17.25, 0, 0, 0.00, 0, 5, 0, '2025-09-13 05:00:20', '2025-09-13 05:01:45'),
(107, 'DME1-0107', 1, 1, '2025-09-12 00:00:00', 47, 0.00, 249.50, '', 0, 0.00, 4303.88, 0, 0, 21.00, 17.25, 0, 0, 0.00, 0, 5, 0, '2025-09-13 05:01:32', '2025-09-13 05:01:59'),
(108, 'DME1-0108', 1, 1, '2025-09-12 00:00:00', 48, 0.00, 768.00, '', 0, 0.00, 13248.00, 0, 0, 21.00, 17.25, 0, 0, 0.00, 0, 5, 0, '2025-09-13 05:02:03', '2025-09-13 05:02:03'),
(109, 'DME1-0109', 1, 1, '2025-09-12 00:00:00', 50, 0.00, 288.00, '', 0, 0.00, 4968.00, 0, 0, 21.00, 17.25, 0, 0, 0.00, 0, 5, 0, '2025-09-13 05:02:06', '2025-09-13 05:02:06'),
(110, 'DME1-0110', 1, 1, '2025-09-12 00:00:00', 51, 0.00, 228.00, '', 0, 0.00, 3933.00, 0, 0, 21.00, 17.25, 0, 0, 0.00, 0, 5, 0, '2025-09-13 05:02:09', '2025-09-13 05:02:09'),
(111, 'DME1-0111', 1, 1, '2025-09-12 00:00:00', 52, 0.00, 124.50, '', 0, 0.00, 2147.63, 0, 0, 21.00, 17.25, 0, 0, 0.00, 0, 5, 0, '2025-09-13 05:02:14', '2025-09-13 05:02:14'),
(112, 'DME1-0112', 1, 1, '2025-09-12 00:00:00', 53, 0.00, 214.00, '', 0, 0.00, 3691.50, 0, 0, 21.00, 17.25, 0, 0, 0.00, 0, 5, 0, '2025-09-13 05:02:17', '2025-09-13 05:02:17'),
(113, 'DME1-0113', 1, 1, '2025-09-12 00:00:00', 54, 0.00, 863.00, '', 0, 0.00, 14886.75, 0, 0, 21.00, 17.25, 0, 0, 0.00, 0, 5, 0, '2025-09-13 05:02:21', '2025-09-13 05:02:21'),
(114, 'DME1-0114', 1, 1, '2025-09-12 00:00:00', 55, 0.00, 103.50, '', 0, 0.00, 1785.38, 0, 0, 21.00, 17.25, 0, 0, 0.00, 0, 5, 0, '2025-09-13 05:03:32', '2025-09-13 05:03:32'),
(115, 'DME1-0115', 1, 1, '2025-09-12 00:00:00', 56, 0.00, 83.00, '', 0, 0.00, 1431.75, 0, 0, 21.00, 17.25, 0, 0, 0.00, 0, 5, 0, '2025-09-13 05:03:34', '2025-09-13 05:03:34'),
(116, 'DME1-0116', 1, 1, '2025-09-12 00:00:00', 57, 0.00, 130.00, '', 0, 0.00, 2242.50, 0, 0, 21.00, 17.25, 0, 0, 0.00, 0, 5, 0, '2025-09-13 05:03:37', '2025-09-13 05:03:37'),
(117, 'DME1-0117', 1, 1, '2025-09-12 00:00:00', 58, 0.00, 110.00, '', 0, 0.00, 1897.50, 0, 0, 21.00, 17.25, 0, 0, 0.00, 0, 5, 0, '2025-09-13 05:03:43', '2025-09-13 05:03:43'),
(118, 'DME1-0118', 1, 1, '2025-09-12 00:00:00', 59, 0.00, 320.00, '', 0, 0.00, 5520.00, 0, 0, 21.00, 17.25, 0, 0, 0.00, 0, 5, 0, '2025-09-13 05:03:47', '2025-09-13 05:03:47'),
(119, 'DME1-0119', 1, 1, '2025-09-12 00:00:00', 60, 0.00, 11.00, '', 0, 0.00, 189.75, 0, 0, 21.00, 17.25, 0, 0, 0.00, 0, 5, 0, '2025-09-13 05:03:49', '2025-09-13 05:03:49'),
(120, 'DME1-0120', 1, 1, '2025-09-12 00:00:00', 61, 0.00, 105.00, '', 0, 0.00, 1811.25, 0, 0, 21.00, 17.25, 0, 0, 0.00, 0, 5, 0, '2025-09-13 05:03:52', '2025-09-13 05:03:52'),
(121, 'DME1-0121', 1, 1, '2025-09-12 00:00:00', 62, 0.00, 7.00, '', 0, 0.00, 120.75, 0, 0, 21.00, 17.25, 0, 0, 0.00, 0, 5, 0, '2025-09-13 05:03:54', '2025-09-13 05:03:54'),
(122, 'DME1-0122', 1, 1, '2025-09-12 00:00:00', 63, 0.00, 173.00, '', 0, 0.00, 2984.25, 0, 0, 21.00, 17.25, 0, 0, 0.00, 0, 5, 0, '2025-09-13 05:03:57', '2025-09-13 05:03:57'),
(123, 'DME1-0123', 1, 1, '2025-09-12 00:00:00', 65, 0.00, 113.50, '', 0, 0.00, 1957.88, 0, 0, 21.00, 17.25, 0, 0, 0.00, 0, 5, 0, '2025-09-13 05:04:13', '2025-09-13 05:04:13'),
(124, 'DME1-0124', 1, 1, '2025-09-12 00:00:00', 66, 0.00, 12.00, '', 0, 0.00, 207.00, 0, 0, 21.00, 17.25, 0, 0, 0.00, 0, 5, 0, '2025-09-13 05:04:19', '2025-09-13 05:04:19'),
(125, 'DME1-0125', 1, 1, '2025-09-12 00:00:00', 67, 0.00, 187.50, '', 0, 0.00, 3234.38, 0, 0, 21.00, 17.25, 0, 0, 0.00, 0, 5, 0, '2025-09-13 05:04:24', '2025-09-13 05:04:24'),
(126, 'DME1-0126', 1, 1, '2025-09-12 00:00:00', 68, 0.00, 6.00, '', 0, 0.00, 103.50, 0, 0, 21.00, 17.25, 0, 0, 0.00, 0, 5, 0, '2025-09-13 05:04:28', '2025-09-13 05:04:28'),
(127, 'DME1-0127', 1, 1, '2025-09-12 00:00:00', 69, 0.00, 51.00, '', 0, 0.00, 879.75, 0, 0, 21.00, 17.25, 0, 0, 0.00, 0, 5, 0, '2025-09-13 05:04:30', '2025-09-13 05:04:30'),
(128, 'DME1-0128', 1, 1, '2025-09-12 00:00:00', 70, 0.00, 186.00, '', 0, 0.00, 3208.50, 0, 0, 21.00, 17.25, 0, 0, 0.00, 0, 5, 0, '2025-09-13 05:04:34', '2025-09-13 05:04:34'),
(129, 'DME1-0129', 1, 1, '2025-09-12 00:00:00', 71, 0.00, 110.00, '', 0, 0.00, 1897.50, 0, 0, 21.00, 17.25, 0, 0, 0.00, 0, 5, 0, '2025-09-13 05:04:36', '2025-09-13 05:04:36'),
(130, 'DME1-0130', 1, 1, '2025-09-12 00:00:00', 72, 0.00, 98.00, '', 0, 0.00, 1690.50, 0, 0, 21.00, 17.25, 0, 0, 0.00, 0, 5, 0, '2025-09-13 05:04:39', '2025-09-13 05:04:39'),
(131, 'DME1-0131', 1, 1, '2025-09-12 00:00:00', 74, 0.00, 51.00, '', 0, 0.00, 879.75, 0, 0, 21.00, 17.25, 0, 0, 0.00, 0, 5, 0, '2025-09-13 05:04:45', '2025-09-13 05:04:45'),
(132, 'DME1-0132', 1, 1, '2025-09-12 00:00:00', 75, 0.00, 65.00, '', 0, 0.00, 1121.25, 0, 0, 21.00, 17.25, 0, 0, 0.00, 0, 5, 0, '2025-09-13 05:04:47', '2025-09-13 05:04:47'),
(133, 'DME1-0133', 1, 1, '2025-09-12 00:00:00', 76, 0.00, 88.50, '', 0, 0.00, 1526.63, 0, 0, 21.00, 17.25, 0, 0, 0.00, 0, 5, 0, '2025-09-13 05:04:51', '2025-09-13 05:04:51'),
(134, 'DME1-0134', 1, 1, '2025-09-12 00:00:00', 77, 0.00, 37.00, '', 0, 0.00, 638.25, 0, 0, 21.00, 17.25, 0, 0, 0.00, 0, 5, 0, '2025-09-13 05:04:54', '2025-09-13 05:04:54'),
(135, 'DME1-0135', 1, 1, '2025-09-12 00:00:00', 78, 0.00, 24.50, '', 0, 0.00, 422.63, 0, 0, 21.00, 17.25, 0, 0, 0.00, 0, 5, 0, '2025-09-13 05:04:59', '2025-09-13 05:04:59'),
(136, 'DME1-0136', 1, 1, '2025-09-12 00:00:00', 79, 0.00, 140.00, '', 0, 0.00, 2415.00, 0, 0, 21.00, 17.25, 0, 0, 0.00, 0, 5, 0, '2025-09-13 05:05:04', '2025-09-13 05:05:04'),
(137, 'DME1-0137', 1, 1, '2025-09-12 00:00:00', 80, 0.00, 98.50, '', 0, 0.00, 1699.13, 0, 0, 21.00, 17.25, 0, 0, 0.00, 0, 5, 0, '2025-09-13 05:05:09', '2025-09-13 05:05:09'),
(138, 'DME1-0138', 1, 1, '2025-09-12 00:00:00', 81, 0.00, 87.00, '', 0, 0.00, 1500.75, 0, 0, 21.00, 17.25, 0, 0, 0.00, 0, 5, 0, '2025-09-13 05:05:12', '2025-09-13 05:05:12'),
(139, 'DME1-0139', 1, 1, '2025-09-12 00:00:00', 82, 0.00, 51.50, '', 0, 0.00, 888.38, 0, 0, 21.00, 17.25, 0, 0, 0.00, 0, 5, 0, '2025-09-13 05:05:42', '2025-09-13 05:05:42'),
(140, 'DME1-0140', 1, 1, '2025-09-12 00:00:00', 83, 0.00, 82.00, '', 0, 0.00, 1414.50, 0, 0, 21.00, 17.25, 0, 0, 0.00, 0, 5, 0, '2025-09-13 05:05:46', '2025-09-13 05:05:46'),
(141, 'DME1-0141', 1, 1, '2025-09-12 00:00:00', 84, 0.00, 3.00, '', 0, 0.00, 51.75, 0, 0, 21.00, 17.25, 0, 0, 0.00, 0, 5, 0, '2025-09-13 05:05:57', '2025-09-13 05:05:57'),
(142, 'DME1-0142', 1, 1, '2025-09-12 00:00:00', 85, 0.00, 119.00, '', 0, 0.00, 2052.75, 0, 0, 21.00, 17.25, 0, 0, 0.00, 0, 5, 0, '2025-09-13 05:06:01', '2025-09-13 05:06:01'),
(143, 'DME1-0143', 1, 1, '2025-09-12 00:00:00', 86, 0.00, 3.00, '', 0, 0.00, 51.75, 0, 0, 21.00, 17.25, 0, 0, 0.00, 0, 5, 0, '2025-09-13 05:06:09', '2025-09-13 05:06:09'),
(144, 'DME1-0144', 1, 1, '2025-09-12 00:00:00', 87, 0.00, 50.00, '', 0, 0.00, 862.50, 0, 0, 21.00, 17.25, 0, 0, 0.00, 0, 5, 0, '2025-09-13 05:06:10', '2025-09-13 05:06:10'),
(145, 'DME1-0145', 1, 1, '2025-09-12 00:00:00', 88, 0.00, 88.00, '', 0, 0.00, 1518.00, 0, 0, 21.00, 17.25, 0, 0, 0.00, 0, 5, 0, '2025-09-13 05:06:15', '2025-09-13 05:06:15'),
(146, 'DME1-0146', 1, 1, '2025-09-12 00:00:00', 90, 0.00, 73.50, '', 0, 0.00, 1267.88, 0, 0, 21.00, 17.25, 0, 0, 0.00, 0, 5, 0, '2025-09-13 05:06:18', '2025-09-13 05:06:18'),
(147, 'DME1-0147', 1, 1, '2025-09-12 00:00:00', 92, 0.00, 60.00, '', 0, 0.00, 1035.00, 0, 0, 21.00, 17.25, 0, 0, 0.00, 0, 5, 0, '2025-09-13 05:06:29', '2025-09-13 05:06:29'),
(148, 'DME1-0148', 1, 1, '2025-09-12 00:00:00', 93, 0.00, 55.50, '', 0, 0.00, 957.38, 0, 0, 21.00, 17.25, 0, 0, 0.00, 0, 5, 0, '2025-09-13 05:06:32', '2025-09-13 05:06:32'),
(149, 'DME1-0149', 1, 1, '2025-09-12 00:00:00', 94, 0.00, 79.00, '', 0, 0.00, 1362.75, 0, 0, 21.00, 17.25, 0, 0, 0.00, 0, 5, 0, '2025-09-13 05:06:36', '2025-09-13 05:06:36'),
(150, 'DME1-0150', 1, 1, '2025-09-12 00:00:00', 95, 0.00, 32.00, '', 0, 0.00, 552.00, 0, 0, 21.00, 17.25, 0, 0, 0.00, 0, 5, 0, '2025-09-13 05:06:40', '2025-09-13 05:06:40'),
(151, 'DME1-0151', 1, 1, '2025-09-12 00:00:00', 96, 0.00, 213.00, '', 0, 0.00, 3674.25, 0, 0, 21.00, 17.25, 0, 0, 0.00, 0, 5, 0, '2025-09-13 05:06:44', '2025-09-13 05:06:44'),
(152, 'DME1-0152', 1, 1, '2025-09-12 00:00:00', 97, 0.00, 7.00, '', 0, 0.00, 120.75, 0, 0, 21.00, 17.25, 0, 0, 0.00, 0, 5, 0, '2025-09-13 05:06:50', '2025-09-13 05:06:50'),
(153, 'DME1-0153', 1, 1, '2025-09-12 00:00:00', 98, 0.00, 79.00, '', 0, 0.00, 1362.75, 0, 0, 21.00, 17.25, 0, 0, 0.00, 0, 5, 0, '2025-09-13 05:06:53', '2025-09-13 05:06:53'),
(154, 'DME1-0154', 1, 1, '2025-09-12 00:00:00', 99, 0.00, 79.50, '', 0, 0.00, 1371.38, 0, 0, 21.00, 17.25, 0, 0, 0.00, 0, 5, 0, '2025-09-13 05:06:56', '2025-09-13 05:06:56'),
(155, 'DME1-0155', 1, 1, '2025-09-12 00:00:00', 100, 0.00, 6.50, '', 0, 0.00, 112.13, 0, 0, 21.00, 17.25, 0, 0, 0.00, 0, 5, 0, '2025-09-13 05:07:06', '2025-09-13 05:07:06'),
(156, 'DME1-0156', 1, 1, '2025-09-12 00:00:00', 101, 0.00, 84.00, '', 0, 0.00, 1449.00, 0, 0, 21.00, 17.25, 0, 0, 0.00, 0, 5, 0, '2025-09-13 05:07:29', '2025-09-13 05:07:29'),
(157, 'DME1-0157', 1, 1, '2025-09-12 00:00:00', 102, 0.00, 66.00, '', 0, 0.00, 1138.50, 0, 0, 21.00, 17.25, 0, 0, 0.00, 0, 5, 0, '2025-09-13 05:08:02', '2025-09-13 05:08:02'),
(158, 'DME1-0158', 1, 1, '2025-09-12 00:00:00', 103, 0.00, 94.50, '', 0, 0.00, 1630.13, 0, 0, 21.00, 17.25, 0, 0, 0.00, 0, 5, 0, '2025-09-13 05:08:08', '2025-09-13 05:08:08'),
(159, 'DME1-0159', 1, 1, '2025-09-12 00:00:00', 104, 0.00, 114.00, '', 0, 0.00, 1966.50, 0, 0, 21.00, 17.25, 0, 0, 0.00, 0, 5, 0, '2025-09-13 05:08:12', '2025-09-13 05:08:12'),
(160, 'DME1-0160', 1, 1, '2025-09-12 00:00:00', 105, 0.00, 24.50, '', 0, 0.00, 422.63, 0, 0, 21.00, 17.25, 0, 0, 0.00, 0, 5, 0, '2025-09-13 05:08:17', '2025-09-13 05:08:17'),
(161, 'DME1-0161', 1, 1, '2025-09-12 00:00:00', 106, 0.00, 160.00, '', 0, 0.00, 2760.00, 0, 0, 21.00, 17.25, 0, 0, 0.00, 0, 5, 0, '2025-09-13 05:08:21', '2025-09-13 05:08:21'),
(162, 'DME1-0162', 1, 1, '2025-09-12 00:00:00', 107, 0.00, 787.00, '', 0, 0.00, 13575.75, 0, 0, 21.00, 17.25, 0, 0, 0.00, 0, 5, 0, '2025-09-13 05:08:25', '2025-09-13 05:08:25'),
(163, 'DME1-0163', 1, 1, '2025-09-12 00:00:00', 108, 0.00, 692.00, '', 0, 0.00, 11937.00, 0, 0, 21.00, 17.25, 0, 0, 0.00, 0, 5, 0, '2025-09-13 05:08:29', '2025-09-13 05:08:29'),
(164, 'DME1-0164', 1, 1, '2025-09-12 00:00:00', 109, 0.00, 8.00, '', 0, 0.00, 138.00, 0, 0, 21.00, 17.25, 0, 0, 0.00, 0, 5, 0, '2025-09-13 05:08:31', '2025-09-13 05:08:31'),
(165, 'DME1-0165', 1, 1, '2025-09-12 00:00:00', 110, 0.00, 2.50, '', 0, 0.00, 43.13, 0, 0, 21.00, 17.25, 0, 0, 0.00, 0, 5, 0, '2025-09-13 05:08:35', '2025-09-13 05:08:35'),
(166, 'DME1-0166', 1, 1, '2025-09-12 00:00:00', 111, 0.00, 11.00, '', 0, 0.00, 189.75, 0, 0, 21.00, 17.25, 0, 0, 0.00, 0, 5, 0, '2025-09-13 05:08:37', '2025-09-13 05:08:37'),
(167, 'DME1-0167', 1, 1, '2025-09-12 00:00:00', 112, 0.00, 4.00, '', 0, 0.00, 69.00, 0, 0, 21.00, 17.25, 0, 0, 0.00, 0, 5, 0, '2025-09-13 05:08:40', '2025-09-13 05:08:40'),
(168, 'DME1-0168', 1, 1, '2025-09-12 00:00:00', 113, 0.00, 1.00, '', 0, 0.00, 17.25, 0, 0, 21.00, 17.25, 0, 0, 0.00, 0, 5, 0, '2025-09-13 05:08:43', '2025-09-13 05:08:43'),
(169, 'DME1-0169', 1, 1, '2025-09-12 00:00:00', 114, 0.00, 1.00, '', 0, 0.00, 17.25, 0, 0, 21.00, 17.25, 0, 0, 0.00, 0, 5, 0, '2025-09-13 05:08:55', '2025-09-13 05:08:55'),
(170, 'DMM1-0170', 1, 0, '2025-09-13 00:00:00', 27, 0.00, 351.00, '', 0, 0.00, 6054.75, 0, 0, 21.00, 17.25, 0, 0, 0.00, 0, 5, 0, '2025-09-13 07:31:42', '2025-09-13 07:31:42'),
(171, 'DMM1-0171', 1, 0, '2025-09-13 00:00:00', 28, 0.00, 69.00, '', 0, 0.00, 1190.25, 0, 0, 21.00, 17.25, 0, 0, 0.00, 0, 5, 0, '2025-09-13 07:31:44', '2025-09-13 07:31:44'),
(172, 'DMM1-0172', 1, 0, '2025-09-13 00:00:00', 29, 0.00, 201.50, '', 0, 0.00, 3475.88, 0, 0, 21.00, 17.25, 0, 0, 0.00, 0, 5, 0, '2025-09-13 07:31:48', '2025-09-13 07:31:48'),
(173, 'DMM1-0173', 1, 0, '2025-09-13 00:00:00', 30, 0.00, 30.00, '', 0, 0.00, 517.50, 0, 0, 21.00, 17.25, 0, 0, 0.00, 0, 5, 0, '2025-09-13 07:31:51', '2025-09-13 07:31:51'),
(174, 'DMM1-0174', 1, 0, '2025-09-13 00:00:00', 31, 0.00, 110.50, '', 0, 0.00, 1906.13, 0, 0, 21.00, 17.25, 0, 0, 0.00, 0, 5, 0, '2025-09-13 07:31:55', '2025-09-13 07:31:55'),
(175, 'DMM1-0175', 1, 0, '2025-09-13 00:00:00', 32, 0.00, 196.00, '', 0, 0.00, 3381.00, 0, 0, 21.00, 17.25, 0, 0, 0.00, 0, 5, 0, '2025-09-13 07:31:58', '2025-09-13 07:31:58'),
(176, 'DMM1-0176', 1, 0, '2025-09-13 00:00:00', 33, 0.00, 304.00, '', 0, 0.00, 5244.00, 0, 0, 21.00, 17.25, 0, 0, 0.00, 0, 5, 0, '2025-09-13 07:32:01', '2025-09-13 07:32:01'),
(177, 'DMM1-0177', 1, 0, '2025-09-13 00:00:00', 34, 0.00, 205.00, '', 0, 0.00, 3536.25, 0, 0, 21.00, 17.25, 0, 0, 0.00, 0, 5, 0, '2025-09-13 07:32:09', '2025-09-13 07:32:09'),
(178, 'DMM1-0178', 1, 0, '2025-09-13 00:00:00', 35, 0.00, 14.00, '', 0, 0.00, 241.50, 0, 0, 21.00, 17.25, 0, 0, 0.00, 0, 5, 0, '2025-09-13 07:32:11', '2025-09-13 07:32:11'),
(179, 'DMM1-0179', 1, 0, '2025-09-13 00:00:00', 36, 0.00, 241.00, '', 0, 0.00, 4157.25, 0, 0, 21.00, 17.25, 0, 0, 0.00, 0, 5, 0, '2025-09-13 07:32:14', '2025-09-13 07:32:14'),
(180, 'DMM1-0180', 1, 0, '2025-09-13 00:00:00', 37, 0.00, 1540.00, '', 0, 0.00, 26565.00, 0, 0, 21.00, 17.25, 0, 0, 0.00, 0, 5, 0, '2025-09-13 07:32:17', '2025-09-13 07:32:17'),
(181, 'DMM1-0181', 1, 0, '2025-09-13 00:00:00', 38, 0.00, 159.00, '', 0, 0.00, 2742.75, 0, 0, 21.00, 17.25, 0, 0, 0.00, 0, 5, 0, '2025-09-13 07:32:20', '2025-09-13 07:32:20'),
(182, 'DMM1-0182', 1, 0, '2025-09-13 00:00:00', 39, 0.00, 162.00, '', 0, 0.00, 2794.50, 0, 0, 21.00, 17.25, 0, 0, 0.00, 0, 5, 0, '2025-09-13 07:32:25', '2025-09-13 07:32:25'),
(183, 'DMM1-0183', 1, 0, '2025-09-13 00:00:00', 40, 0.00, 335.00, '', 0, 0.00, 5778.75, 0, 0, 21.00, 17.25, 0, 0, 0.00, 0, 5, 0, '2025-09-13 07:32:42', '2025-09-13 07:32:42'),
(184, 'DMM1-0184', 1, 0, '2025-09-13 00:00:00', 41, 0.00, 101.50, '', 0, 0.00, 1750.88, 0, 0, 21.00, 17.25, 0, 0, 0.00, 0, 5, 0, '2025-09-13 07:32:53', '2025-09-13 07:32:53'),
(185, 'DMM1-0185', 1, 0, '2025-09-13 00:00:00', 42, 0.00, 76.50, '', 0, 0.00, 1319.63, 0, 0, 21.00, 17.25, 0, 0, 0.00, 0, 5, 0, '2025-09-13 07:32:57', '2025-09-13 07:32:57'),
(186, 'DMM1-0186', 1, 0, '2025-09-13 00:00:00', 43, 0.00, 13.50, '', 0, 0.00, 232.88, 0, 0, 21.00, 17.25, 0, 0, 0.00, 0, 5, 0, '2025-09-13 07:33:00', '2025-09-13 07:33:00'),
(187, 'DMM1-0187', 1, 0, '2025-09-13 00:00:00', 44, 0.00, 826.00, '', 0, 0.00, 14248.50, 0, 0, 21.00, 17.25, 0, 0, 0.00, 0, 5, 0, '2025-09-13 07:33:41', '2025-09-13 07:33:41'),
(188, 'DMM1-0188', 1, 0, '2025-09-13 00:00:00', 45, 0.00, 60.00, '', 0, 0.00, 1035.00, 0, 0, 21.00, 17.25, 0, 0, 0.00, 0, 5, 0, '2025-09-13 07:33:45', '2025-09-13 07:33:45'),
(189, 'DMM1-0189', 1, 0, '2025-09-13 00:00:00', 46, 0.00, 382.00, '', 0, 0.00, 6589.50, 0, 0, 21.00, 17.25, 0, 0, 0.00, 0, 5, 0, '2025-09-13 07:34:19', '2025-09-13 07:34:19'),
(190, 'DMM1-0190', 1, 0, '2025-09-13 00:00:00', 47, 0.00, 282.00, '', 0, 0.00, 4864.50, 0, 0, 21.00, 17.25, 0, 0, 0.00, 0, 5, 0, '2025-09-13 07:34:23', '2025-09-13 07:34:23'),
(191, 'DMM1-0191', 1, 0, '2025-09-13 00:00:00', 48, 0.00, 852.00, '', 0, 0.00, 14697.00, 0, 0, 21.00, 17.25, 0, 0, 0.00, 0, 5, 0, '2025-09-13 07:34:27', '2025-09-13 07:34:27'),
(192, 'DMM1-0192', 1, 0, '2025-09-13 00:00:00', 50, 0.00, 337.00, '', 0, 0.00, 5813.25, 0, 0, 21.00, 17.25, 0, 0, 0.00, 0, 5, 0, '2025-09-13 07:34:30', '2025-09-13 07:34:30'),
(193, 'DMM1-0193', 1, 0, '2025-09-13 00:00:00', 51, 0.00, 243.50, '', 0, 0.00, 4200.38, 0, 0, 21.00, 17.25, 0, 0, 0.00, 0, 5, 0, '2025-09-13 07:34:36', '2025-09-13 07:34:36'),
(194, 'DMM1-0194', 1, 0, '2025-09-13 00:00:00', 52, 0.00, 146.00, '', 0, 0.00, 2518.50, 0, 0, 21.00, 17.25, 0, 0, 0.00, 0, 5, 0, '2025-09-13 07:34:39', '2025-09-13 07:34:39'),
(195, 'DMM1-0195', 1, 0, '2025-09-13 00:00:00', 53, 0.00, 267.00, '', 0, 0.00, 4605.75, 0, 0, 21.00, 17.25, 0, 0, 0.00, 0, 5, 0, '2025-09-13 07:34:41', '2025-09-13 07:34:41'),
(196, 'DMM1-0196', 1, 0, '2025-09-13 00:00:00', 54, 0.00, 809.00, '', 0, 0.00, 13955.25, 0, 0, 21.00, 17.25, 0, 0, 0.00, 0, 5, 0, '2025-09-13 07:35:05', '2025-09-13 07:35:05'),
(197, 'DMM1-0197', 1, 0, '2025-09-13 00:00:00', 55, 0.00, 97.00, '', 0, 0.00, 1673.25, 0, 0, 21.00, 17.25, 0, 0, 0.00, 0, 5, 0, '2025-09-13 07:35:08', '2025-09-13 07:35:08'),
(198, 'DMM1-0198', 1, 0, '2025-09-13 00:00:00', 56, 0.00, 93.00, '', 0, 0.00, 1604.25, 0, 0, 21.00, 17.25, 0, 0, 0.00, 0, 5, 0, '2025-09-13 07:35:11', '2025-09-13 07:35:11'),
(199, 'DMM1-0199', 1, 0, '2025-09-13 00:00:00', 57, 0.00, 141.00, '', 0, 0.00, 2432.25, 0, 0, 21.00, 17.25, 0, 0, 0.00, 0, 5, 0, '2025-09-13 07:35:14', '2025-09-13 07:35:14'),
(200, 'DMM1-0200', 1, 0, '2025-09-13 00:00:00', 58, 0.00, 129.00, '', 0, 0.00, 2225.25, 0, 0, 21.00, 17.25, 0, 0, 0.00, 0, 5, 0, '2025-09-13 07:35:16', '2025-09-13 07:35:16'),
(201, 'DMM1-0201', 1, 0, '2025-09-13 00:00:00', 59, 0.00, 386.00, '', 0, 0.00, 6658.50, 0, 0, 21.00, 17.25, 0, 0, 0.00, 0, 5, 0, '2025-09-13 07:35:19', '2025-09-13 07:35:19'),
(202, 'DMM1-0202', 1, 0, '2025-09-13 00:00:00', 60, 0.00, 8.00, '', 0, 0.00, 138.00, 0, 0, 21.00, 17.25, 0, 0, 0.00, 0, 5, 0, '2025-09-13 07:35:21', '2025-09-13 07:35:21'),
(203, 'DMM1-0203', 1, 0, '2025-09-13 00:00:00', 61, 0.00, 118.50, '', 0, 0.00, 2044.13, 0, 0, 21.00, 17.25, 0, 0, 0.00, 0, 5, 0, '2025-09-13 07:35:24', '2025-09-13 07:35:24'),
(204, 'DMM1-0204', 1, 0, '2025-09-13 00:00:00', 62, 0.00, 7.00, '', 0, 0.00, 120.75, 0, 0, 21.00, 17.25, 0, 0, 0.00, 0, 5, 0, '2025-09-13 07:35:26', '2025-09-13 07:35:26'),
(205, 'DMM1-0205', 1, 0, '2025-09-13 00:00:00', 63, 0.00, 196.50, '', 0, 0.00, 3389.63, 0, 0, 21.00, 17.25, 0, 0, 0.00, 0, 5, 0, '2025-09-13 07:35:30', '2025-09-13 07:35:30'),
(206, 'DMM1-0206', 1, 0, '2025-09-13 00:00:00', 65, 0.00, 148.00, '', 0, 0.00, 2553.00, 0, 0, 21.00, 17.25, 0, 0, 0.00, 0, 5, 0, '2025-09-13 07:35:34', '2025-09-13 07:35:34'),
(207, 'DMM1-0207', 1, 0, '2025-09-13 00:00:00', 66, 0.00, 17.00, '', 0, 0.00, 293.25, 0, 0, 21.00, 17.25, 0, 0, 0.00, 0, 5, 0, '2025-09-13 07:35:36', '2025-09-13 07:35:36'),
(208, 'DMM1-0208', 1, 0, '2025-09-13 00:00:00', 67, 0.00, 189.00, '', 0, 0.00, 3260.25, 0, 0, 21.00, 17.25, 0, 0, 0.00, 0, 5, 0, '2025-09-13 07:35:42', '2025-09-13 07:35:42'),
(209, 'DMM1-0209', 1, 0, '2025-09-13 00:00:00', 68, 0.00, 10.00, '', 0, 0.00, 172.50, 0, 0, 21.00, 17.25, 0, 0, 0.00, 0, 5, 0, '2025-09-13 07:35:45', '2025-09-13 07:35:45'),
(210, 'DMM1-0210', 1, 0, '2025-09-13 00:00:00', 69, 0.00, 54.50, '', 0, 0.00, 940.13, 0, 0, 21.00, 17.25, 0, 0, 0.00, 0, 5, 0, '2025-09-13 07:36:14', '2025-09-13 07:36:14'),
(211, 'DMM1-0211', 1, 0, '2025-09-13 00:00:00', 70, 0.00, 231.50, '', 0, 0.00, 3993.38, 0, 0, 21.00, 17.25, 0, 0, 0.00, 0, 5, 0, '2025-09-13 07:36:18', '2025-09-13 07:36:18'),
(212, 'DMM1-0212', 1, 0, '2025-09-13 00:00:00', 71, 0.00, 129.50, '', 0, 0.00, 2233.88, 0, 0, 21.00, 17.25, 0, 0, 0.00, 0, 5, 0, '2025-09-13 07:36:21', '2025-09-13 07:36:21'),
(213, 'DMM1-0213', 1, 0, '2025-09-13 00:00:00', 72, 0.00, 112.00, '', 0, 0.00, 1932.00, 0, 0, 21.00, 17.25, 0, 0, 0.00, 0, 5, 0, '2025-09-13 07:36:49', '2025-09-13 07:36:49'),
(214, 'DMM1-0214', 1, 0, '2025-09-13 00:00:00', 73, 0.00, 126.50, '', 0, 0.00, 2182.13, 0, 0, 21.00, 17.25, 0, 0, 0.00, 0, 5, 0, '2025-09-13 07:36:56', '2025-09-13 07:36:56'),
(215, 'DMM1-0215', 1, 0, '2025-09-13 00:00:00', 74, 0.00, 54.00, '', 0, 0.00, 931.50, 0, 0, 21.00, 17.25, 0, 0, 0.00, 0, 5, 0, '2025-09-13 07:36:59', '2025-09-13 07:36:59'),
(216, 'DMM1-0216', 1, 0, '2025-09-13 00:00:00', 75, 0.00, 79.00, '', 0, 0.00, 1362.75, 0, 0, 21.00, 17.25, 0, 0, 0.00, 0, 5, 0, '2025-09-13 07:37:05', '2025-09-13 07:37:05'),
(217, 'DMM1-0217', 1, 0, '2025-09-13 00:00:00', 76, 0.00, 95.00, '', 0, 0.00, 1638.75, 0, 0, 21.00, 17.25, 0, 0, 0.00, 0, 5, 0, '2025-09-13 07:37:07', '2025-09-13 07:37:07'),
(218, 'DMM1-0218', 1, 0, '2025-09-13 00:00:00', 77, 0.00, 52.00, '', 0, 0.00, 897.00, 0, 0, 21.00, 17.25, 0, 0, 0.00, 0, 5, 0, '2025-09-13 07:37:11', '2025-09-13 07:37:11'),
(219, 'DMM1-0219', 1, 0, '2025-09-13 00:00:00', 78, 0.00, 24.50, '', 0, 0.00, 422.63, 0, 0, 21.00, 17.25, 0, 0, 0.00, 0, 5, 0, '2025-09-13 07:37:18', '2025-09-13 07:37:18'),
(220, 'DMM1-0220', 1, 0, '2025-09-13 00:00:00', 79, 0.00, 146.50, '', 0, 0.00, 2527.13, 0, 0, 21.00, 17.25, 0, 0, 0.00, 0, 5, 0, '2025-09-13 07:37:22', '2025-09-13 07:37:22'),
(221, 'DMM1-0221', 1, 0, '2025-09-13 00:00:00', 80, 0.00, 78.00, '', 0, 0.00, 1345.50, 0, 0, 21.00, 17.25, 0, 0, 0.00, 0, 5, 0, '2025-09-13 07:37:24', '2025-09-13 07:37:24'),
(222, 'DMM1-0222', 1, 0, '2025-09-13 00:00:00', 81, 0.00, 83.00, '', 0, 0.00, 1431.75, 0, 0, 21.00, 17.25, 0, 0, 0.00, 0, 5, 0, '2025-09-13 07:37:27', '2025-09-13 07:37:27'),
(223, 'DMM1-0223', 1, 0, '2025-09-13 00:00:00', 82, 0.00, 60.50, '', 0, 0.00, 1043.63, 0, 0, 21.00, 17.25, 0, 0, 0.00, 0, 5, 0, '2025-09-13 07:37:31', '2025-09-13 07:37:31'),
(224, 'DMM1-0224', 1, 0, '2025-09-13 00:00:00', 83, 0.00, 86.50, '', 0, 0.00, 1492.13, 0, 0, 21.00, 17.25, 0, 0, 0.00, 0, 5, 0, '2025-09-13 07:37:35', '2025-09-13 07:37:35'),
(225, 'DMM1-0225', 1, 0, '2025-09-13 00:00:00', 84, 0.00, 3.50, '', 0, 0.00, 60.38, 0, 0, 21.00, 17.25, 0, 0, 0.00, 0, 5, 0, '2025-09-13 07:38:36', '2025-09-13 07:38:36'),
(226, 'DMM1-0226', 1, 0, '2025-09-13 00:00:00', 85, 0.00, 132.50, '', 0, 0.00, 2285.63, 0, 0, 21.00, 17.25, 0, 0, 0.00, 0, 5, 0, '2025-09-13 07:38:40', '2025-09-13 07:38:40'),
(227, 'DMM1-0227', 1, 0, '2025-09-13 00:00:00', 86, 0.00, 3.00, '', 0, 0.00, 51.75, 0, 0, 21.00, 17.25, 0, 0, 0.00, 0, 5, 0, '2025-09-13 07:38:43', '2025-09-13 07:38:43'),
(228, 'DMM1-0228', 1, 0, '2025-09-13 00:00:00', 87, 0.00, 62.00, '', 0, 0.00, 1069.50, 0, 0, 21.00, 17.25, 0, 0, 0.00, 0, 5, 0, '2025-09-13 07:38:45', '2025-09-13 07:38:45'),
(229, 'DMM1-0229', 1, 0, '2025-09-13 00:00:00', 88, 0.00, 96.50, '', 0, 0.00, 1664.63, 0, 0, 21.00, 17.25, 0, 0, 0.00, 0, 5, 0, '2025-09-13 07:38:49', '2025-09-13 07:38:49'),
(230, 'DMM1-0230', 1, 0, '2025-09-13 00:00:00', 90, 0.00, 80.50, '', 0, 0.00, 1388.63, 0, 0, 21.00, 17.25, 0, 0, 0.00, 0, 5, 0, '2025-09-13 07:38:56', '2025-09-13 07:38:56'),
(231, 'DMM1-0231', 1, 0, '2025-09-13 00:00:00', 91, 0.00, 2.50, '', 0, 0.00, 43.13, 0, 0, 21.00, 17.25, 0, 0, 0.00, 0, 5, 0, '2025-09-13 07:38:59', '2025-09-13 07:38:59'),
(232, 'DMM1-0232', 1, 0, '2025-09-13 00:00:00', 92, 0.00, 70.50, '', 0, 0.00, 1216.13, 0, 0, 21.00, 17.25, 0, 0, 0.00, 0, 5, 0, '2025-09-13 07:39:06', '2025-09-13 07:39:06'),
(233, 'DMM1-0233', 1, 0, '2025-09-13 00:00:00', 93, 0.00, 55.00, '', 0, 0.00, 948.75, 0, 0, 21.00, 17.25, 0, 0, 0.00, 0, 5, 0, '2025-09-13 07:39:09', '2025-09-13 07:39:09'),
(234, 'DMM1-0234', 1, 0, '2025-09-13 00:00:00', 94, 0.00, 88.50, '', 0, 0.00, 1526.63, 0, 0, 21.00, 17.25, 0, 0, 0.00, 0, 5, 0, '2025-09-13 07:39:12', '2025-09-13 07:39:12'),
(235, 'DMM1-0235', 1, 0, '2025-09-13 00:00:00', 95, 0.00, 55.00, '', 0, 0.00, 948.75, 0, 0, 21.00, 17.25, 0, 0, 0.00, 0, 5, 0, '2025-09-13 07:39:16', '2025-09-13 07:39:16'),
(236, 'DMM1-0236', 1, 0, '2025-09-13 00:00:00', 96, 0.00, 213.00, '', 0, 0.00, 3674.25, 0, 0, 21.00, 17.25, 0, 0, 0.00, 0, 5, 0, '2025-09-13 07:39:24', '2025-09-13 07:39:24'),
(237, 'DMM1-0237', 1, 0, '2025-09-13 00:00:00', 97, 0.00, 11.00, '', 0, 0.00, 189.75, 0, 0, 21.00, 17.25, 0, 0, 0.00, 0, 5, 0, '2025-09-13 07:39:34', '2025-09-13 07:39:34'),
(238, 'DMM1-0238', 1, 0, '2025-09-13 00:00:00', 98, 0.00, 82.50, '', 0, 0.00, 1423.13, 0, 0, 21.00, 17.25, 0, 0, 0.00, 0, 5, 0, '2025-09-13 07:41:13', '2025-09-13 07:41:13'),
(239, 'DMM1-0239', 1, 0, '2025-09-13 00:00:00', 99, 0.00, 99.50, '', 0, 0.00, 1716.38, 0, 0, 21.00, 17.25, 0, 0, 0.00, 0, 5, 0, '2025-09-13 07:41:16', '2025-09-13 07:41:16'),
(240, 'DMM1-0240', 1, 0, '2025-09-13 00:00:00', 100, 0.00, 6.00, '', 0, 0.00, 103.50, 0, 0, 21.00, 17.25, 0, 0, 0.00, 0, 5, 0, '2025-09-13 07:41:17', '2025-09-13 07:41:17'),
(241, 'DMM1-0241', 1, 0, '2025-09-13 00:00:00', 101, 0.00, 157.00, '', 0, 0.00, 2708.25, 0, 0, 21.00, 17.25, 0, 0, 0.00, 0, 5, 0, '2025-09-13 07:41:21', '2025-09-13 07:41:21'),
(242, 'DMM1-0242', 1, 0, '2025-09-13 00:00:00', 102, 0.00, 71.50, '', 0, 0.00, 1233.38, 0, 0, 21.00, 17.25, 0, 0, 0.00, 0, 5, 0, '2025-09-13 07:41:25', '2025-09-13 07:41:25'),
(243, 'DMM1-0243', 1, 0, '2025-09-13 00:00:00', 103, 0.00, 113.00, '', 0, 0.00, 1949.25, 0, 0, 21.00, 17.25, 0, 0, 0.00, 0, 5, 0, '2025-09-13 07:41:34', '2025-09-13 07:41:34'),
(244, 'DMM1-0244', 1, 0, '2025-09-13 00:00:00', 104, 0.00, 124.50, '', 0, 0.00, 2147.63, 0, 0, 21.00, 17.25, 0, 0, 0.00, 0, 5, 0, '2025-09-13 07:41:38', '2025-09-13 07:41:38'),
(245, 'DMM1-0245', 1, 0, '2025-09-13 00:00:00', 105, 0.00, 28.50, '', 0, 0.00, 491.63, 0, 0, 21.00, 17.25, 0, 0, 0.00, 0, 5, 0, '2025-09-13 07:41:41', '2025-09-13 07:41:41'),
(246, 'DMM1-0246', 1, 0, '2025-09-13 00:00:00', 106, 0.00, 212.00, '', 0, 0.00, 3657.00, 0, 0, 21.00, 17.25, 0, 0, 0.00, 0, 5, 0, '2025-09-13 07:41:45', '2025-09-13 07:43:59'),
(247, 'DMM1-0247', 1, 0, '2025-09-13 00:00:00', 107, 0.00, 1001.50, '', 0, 0.00, 17275.88, 0, 0, 21.00, 17.25, 0, 0, 0.00, 0, 5, 0, '2025-09-13 07:44:04', '2025-09-13 07:44:04'),
(248, 'DMM1-0248', 1, 0, '2025-09-13 00:00:00', 108, 0.00, 887.00, '', 0, 0.00, 15300.75, 0, 0, 21.00, 17.25, 0, 0, 0.00, 0, 5, 0, '2025-09-13 07:44:37', '2025-09-13 07:44:37'),
(249, 'DMM1-0249', 1, 0, '2025-09-13 00:00:00', 109, 0.00, 8.00, '', 0, 0.00, 138.00, 0, 0, 21.00, 17.25, 0, 0, 0.00, 0, 5, 0, '2025-09-13 07:44:39', '2025-09-13 07:44:39'),
(250, 'DMM1-0250', 1, 0, '2025-09-13 00:00:00', 110, 0.00, 3.00, '', 0, 0.00, 51.75, 0, 0, 21.00, 17.25, 0, 0, 0.00, 0, 5, 0, '2025-09-13 07:44:41', '2025-09-13 07:44:41'),
(251, 'DMM1-0251', 1, 0, '2025-09-13 00:00:00', 111, 0.00, 14.50, '', 0, 0.00, 250.13, 0, 0, 21.00, 17.25, 0, 0, 0.00, 0, 5, 0, '2025-09-13 07:44:43', '2025-09-13 07:44:43'),
(252, 'DMM1-0252', 1, 0, '2025-09-13 00:00:00', 112, 0.00, 6.00, '', 0, 0.00, 103.50, 0, 0, 21.00, 17.25, 0, 0, 0.00, 0, 5, 0, '2025-09-13 07:44:46', '2025-09-13 07:44:46'),
(253, 'DMM1-0253', 1, 0, '2025-09-13 00:00:00', 113, 0.00, 2.50, '', 0, 0.00, 43.13, 0, 0, 21.00, 17.25, 0, 0, 0.00, 0, 5, 0, '2025-09-13 07:44:50', '2025-09-13 07:44:50'),
(254, 'DMM1-0254', 1, 0, '2025-09-13 00:00:00', 114, 0.00, 1.00, '', 0, 0.00, 17.25, 0, 0, 21.00, 17.25, 0, 0, 0.00, 0, 5, 0, '2025-09-13 07:44:53', '2025-09-13 07:44:53');

-- --------------------------------------------------------

--
-- Table structure for table `failed_jobs`
--

DROP TABLE IF EXISTS `failed_jobs`;
CREATE TABLE IF NOT EXISTS `failed_jobs` (
  `id` bigint UNSIGNED NOT NULL AUTO_INCREMENT,
  `uuid` varchar(191) CHARACTER SET utf8mb4 COLLATE utf8mb4_unicode_ci NOT NULL,
  `connection` text CHARACTER SET utf8mb4 COLLATE utf8mb4_unicode_ci NOT NULL,
  `queue` text CHARACTER SET utf8mb4 COLLATE utf8mb4_unicode_ci NOT NULL,
  `payload` longtext CHARACTER SET utf8mb4 COLLATE utf8mb4_unicode_ci NOT NULL,
  `exception` longtext CHARACTER SET utf8mb4 COLLATE utf8mb4_unicode_ci NOT NULL,
  `failed_at` timestamp NOT NULL DEFAULT CURRENT_TIMESTAMP,
  PRIMARY KEY (`id`),
  UNIQUE KEY `failed_jobs_uuid_unique` (`uuid`)
) ENGINE=MyISAM DEFAULT CHARSET=utf8mb4 COLLATE=utf8mb4_unicode_ci;

-- --------------------------------------------------------

--
-- Table structure for table `forms`
--

DROP TABLE IF EXISTS `forms`;
CREATE TABLE IF NOT EXISTS `forms` (
  `id` bigint UNSIGNED NOT NULL AUTO_INCREMENT,
  `name` varchar(191) CHARACTER SET utf8mb4 COLLATE utf8mb4_unicode_ci NOT NULL,
  `code` varchar(191) CHARACTER SET utf8mb4 COLLATE utf8mb4_unicode_ci NOT NULL,
  `created_at` timestamp NULL DEFAULT NULL,
  `updated_at` timestamp NULL DEFAULT NULL,
  PRIMARY KEY (`id`)
) ENGINE=MyISAM AUTO_INCREMENT=24 DEFAULT CHARSET=utf8mb4 COLLATE=utf8mb4_unicode_ci;

--
-- Dumping data for table `forms`
--

INSERT INTO `forms` (`id`, `name`, `code`, `created_at`, `updated_at`) VALUES
(1, 'شاشة المخازن', '1', '2025-05-12 15:19:32', '2025-05-12 15:19:32'),
(2, 'شاشة الخزن', '2', '2025-05-12 15:19:32', '2025-05-12 15:19:32'),
(3, 'شاشة انواع المصروفات', '3', '2025-05-12 15:20:01', '2025-05-12 15:20:01'),
(4, 'شاشة المنتجات', '4', '2025-05-12 15:20:22', '2025-05-12 15:20:22'),
(5, 'شاشة قائمة السيارات', '5', '2025-05-12 15:20:22', '2025-05-12 15:20:22'),
(6, 'شاشة وجبات السيارات', '6', '2025-05-12 15:20:49', '2025-05-12 15:20:49'),
(7, 'شاشة الموردين والعملاء', '7', '2025-05-12 15:20:49', '2025-05-12 15:20:49'),
(8, 'شاشة وجبات الحليب', '8', '2025-05-12 15:21:20', '2025-05-12 15:21:20'),
(10, 'شاشة وجبات الجبنة', '10', '2025-05-12 15:22:00', '2025-05-12 15:22:00'),
(11, 'شاشة فواتير المبيعات', '11', '2025-05-12 15:22:00', '2025-05-12 15:22:00'),
(13, 'شاشة سندات التحويل االمخزني', '13', NULL, NULL),
(15, 'شاشة سندات الصرف', '15', NULL, NULL),
(16, 'شاشة سندات القبض', '16', '2025-05-12 15:24:07', '2025-05-12 15:24:07'),
(17, 'شاشة سندات صرف الصندوق', '17', NULL, NULL),
(18, 'شاشة سندات التوريد المخزني', '18', NULL, NULL),
(19, 'التقارير', '19', NULL, NULL),
(20, 'شاشة المستخدمين', '20', NULL, NULL),
(21, 'شاشة الأدوار', '21', NULL, NULL),
(22, 'شاشة الصلاحيات', '22', NULL, NULL),
(23, 'شاشة الإعدادات', '23', NULL, NULL);

-- --------------------------------------------------------

--
-- Table structure for table `items`
--

DROP TABLE IF EXISTS `items`;
CREATE TABLE IF NOT EXISTS `items` (
  `id` bigint UNSIGNED NOT NULL AUTO_INCREMENT,
  `code` varchar(191) CHARACTER SET utf8mb4 COLLATE utf8mb4_unicode_ci NOT NULL,
  `name` varchar(191) CHARACTER SET utf8mb4 COLLATE utf8mb4_unicode_ci NOT NULL,
  `details` text CHARACTER SET utf8mb4 COLLATE utf8mb4_unicode_ci NOT NULL,
  `default_selling_price` decimal(8,2) NOT NULL,
  `type` int NOT NULL DEFAULT '0',
  `user_ins` int NOT NULL DEFAULT '0',
  `user_upd` int NOT NULL DEFAULT '0',
  `created_at` timestamp NULL DEFAULT NULL,
  `updated_at` timestamp NULL DEFAULT NULL,
  PRIMARY KEY (`id`)
) ENGINE=MyISAM AUTO_INCREMENT=8 DEFAULT CHARSET=utf8mb4 COLLATE=utf8mb4_unicode_ci;

--
-- Dumping data for table `items`
--

INSERT INTO `items` (`id`, `code`, `name`, `details`, `default_selling_price`, `type`, `user_ins`, `user_upd`, `created_at`, `updated_at`) VALUES
(1, '1', 'جبنة رومي طازه', '', 240.00, 0, 5, 5, '2025-05-18 15:57:29', '2025-07-04 03:46:52'),
(2, '2', 'جبنة رومي قديم', '', 0.00, 3, 5, 5, '2025-05-18 15:58:10', '2025-07-20 15:56:39'),
(3, '3', 'قشطة', '', 0.00, 1, 5, 5, '2025-05-18 15:58:30', '2025-07-08 14:17:59'),
(5, '5', 'بروتين', '', 0.00, 2, 5, 5, '2025-05-18 15:59:09', '2025-07-08 14:18:05'),
(6, '6', 'جبنة براميلي', '', 0.00, 0, 5, 0, '2025-07-20 15:55:47', '2025-07-20 15:55:47'),
(7, '7', 'فاكيوم', '', 0.00, 0, 5, 0, '2025-08-22 17:19:09', '2025-08-22 17:19:09');

-- --------------------------------------------------------

--
-- Table structure for table `item_transform_docs`
--

DROP TABLE IF EXISTS `item_transform_docs`;
CREATE TABLE IF NOT EXISTS `item_transform_docs` (
  `id` bigint UNSIGNED NOT NULL AUTO_INCREMENT,
  `bill_number` varchar(191) CHARACTER SET utf8mb4 COLLATE utf8mb4_unicode_ci NOT NULL,
  `date` timestamp NOT NULL,
  `from_store` int NOT NULL,
  `to_store` int NOT NULL,
  `notes` text CHARACTER SET utf8mb4 COLLATE utf8mb4_unicode_ci NOT NULL,
  `state` int NOT NULL,
  `user_ins` int NOT NULL DEFAULT '0',
  `user_upd` int NOT NULL DEFAULT '0',
  `created_at` timestamp NULL DEFAULT NULL,
  `updated_at` timestamp NULL DEFAULT NULL,
  PRIMARY KEY (`id`)
) ENGINE=MyISAM DEFAULT CHARSET=utf8mb4 COLLATE=utf8mb4_unicode_ci;

-- --------------------------------------------------------

--
-- Table structure for table `item_transform_doc_details`
--

DROP TABLE IF EXISTS `item_transform_doc_details`;
CREATE TABLE IF NOT EXISTS `item_transform_doc_details` (
  `id` bigint UNSIGNED NOT NULL AUTO_INCREMENT,
  `doc_id` int NOT NULL,
  `from_item_id` int NOT NULL,
  `to_item_id` int NOT NULL,
  `quantity` decimal(8,2) NOT NULL,
  `weight` decimal(20,2) NOT NULL DEFAULT '0.00',
  `user_ins` int NOT NULL DEFAULT '0',
  `user_upd` int NOT NULL DEFAULT '0',
  `created_at` timestamp NULL DEFAULT NULL,
  `updated_at` timestamp NULL DEFAULT NULL,
  PRIMARY KEY (`id`)
) ENGINE=MyISAM DEFAULT CHARSET=utf8mb4 COLLATE=utf8mb4_unicode_ci;

-- --------------------------------------------------------

--
-- Table structure for table `jobs`
--

DROP TABLE IF EXISTS `jobs`;
CREATE TABLE IF NOT EXISTS `jobs` (
  `id` bigint UNSIGNED NOT NULL AUTO_INCREMENT,
  `queue` varchar(191) CHARACTER SET utf8mb4 COLLATE utf8mb4_unicode_ci NOT NULL,
  `payload` longtext CHARACTER SET utf8mb4 COLLATE utf8mb4_unicode_ci NOT NULL,
  `attempts` tinyint UNSIGNED NOT NULL,
  `reserved_at` int UNSIGNED DEFAULT NULL,
  `available_at` int UNSIGNED NOT NULL,
  `created_at` int UNSIGNED NOT NULL,
  PRIMARY KEY (`id`),
  KEY `jobs_queue_index` (`queue`)
) ENGINE=MyISAM DEFAULT CHARSET=utf8mb4 COLLATE=utf8mb4_unicode_ci;

-- --------------------------------------------------------

--
-- Table structure for table `job_batches`
--

DROP TABLE IF EXISTS `job_batches`;
CREATE TABLE IF NOT EXISTS `job_batches` (
  `id` varchar(191) CHARACTER SET utf8mb4 COLLATE utf8mb4_unicode_ci NOT NULL,
  `name` varchar(191) CHARACTER SET utf8mb4 COLLATE utf8mb4_unicode_ci NOT NULL,
  `total_jobs` int NOT NULL,
  `pending_jobs` int NOT NULL,
  `failed_jobs` int NOT NULL,
  `failed_job_ids` longtext CHARACTER SET utf8mb4 COLLATE utf8mb4_unicode_ci NOT NULL,
  `options` mediumtext CHARACTER SET utf8mb4 COLLATE utf8mb4_unicode_ci,
  `cancelled_at` int DEFAULT NULL,
  `created_at` int NOT NULL,
  `finished_at` int DEFAULT NULL,
  PRIMARY KEY (`id`)
) ENGINE=MyISAM DEFAULT CHARSET=utf8mb4 COLLATE=utf8mb4_unicode_ci;

-- --------------------------------------------------------

--
-- Table structure for table `loans`
--

DROP TABLE IF EXISTS `loans`;
CREATE TABLE IF NOT EXISTS `loans` (
  `id` bigint UNSIGNED NOT NULL AUTO_INCREMENT,
  `date` timestamp NOT NULL DEFAULT CURRENT_TIMESTAMP,
  `bill_number` varchar(191) CHARACTER SET utf8mb4 COLLATE utf8mb4_unicode_ci NOT NULL,
  `supplier_id` int NOT NULL,
  `safe_id` int NOT NULL,
  `amount` decimal(8,2) NOT NULL,
  `installment_amount` decimal(8,2) NOT NULL,
  `installment_count` int NOT NULL,
  `start_date` timestamp NOT NULL DEFAULT CURRENT_TIMESTAMP,
  `remaining_installments` int NOT NULL,
  `paid_installments` int NOT NULL,
  `notes` text CHARACTER SET utf8mb4 COLLATE utf8mb4_unicode_ci NOT NULL,
  `user_ins` int NOT NULL DEFAULT '0',
  `user_upd` int NOT NULL DEFAULT '0',
  `created_at` timestamp NULL DEFAULT NULL,
  `updated_at` timestamp NULL DEFAULT NULL,
  PRIMARY KEY (`id`)
) ENGINE=MyISAM DEFAULT CHARSET=utf8mb4 COLLATE=utf8mb4_unicode_ci;

-- --------------------------------------------------------

--
-- Table structure for table `migrations`
--

DROP TABLE IF EXISTS `migrations`;
CREATE TABLE IF NOT EXISTS `migrations` (
  `id` int UNSIGNED NOT NULL AUTO_INCREMENT,
  `migration` varchar(191) CHARACTER SET utf8mb4 COLLATE utf8mb4_unicode_ci NOT NULL,
  `batch` int NOT NULL,
  PRIMARY KEY (`id`)
) ENGINE=MyISAM AUTO_INCREMENT=42 DEFAULT CHARSET=utf8mb4 COLLATE=utf8mb4_unicode_ci;

--
-- Dumping data for table `migrations`
--

INSERT INTO `migrations` (`id`, `migration`, `batch`) VALUES
(1, '0001_01_01_000000_create_users_table', 1),
(2, '0001_01_01_000001_create_cache_table', 1),
(3, '0001_01_01_000002_create_jobs_table', 1),
(4, '2019_12_14_000001_create_personal_access_tokens_table', 1),
(5, '2024_11_26_055714_create_settings_table', 1),
(6, '2025_04_30_121710_create_clients_table', 1),
(7, '2025_04_30_121922_create_client_accounts_table', 1),
(8, '2025_04_30_122101_create_weakly_milk_meals_table', 1),
(9, '2025_04_30_122114_create_daily_milk_meals_table', 1),
(33, '2025_04_30_122643_create_cheese_meals_table', 5),
(11, '2025_04_30_122901_create_stores_table', 1),
(12, '2025_04_30_122929_create_sales_table', 1),
(13, '2025_04_30_122941_create_sales_details_table', 1),
(14, '2025_04_30_123201_create_stock_transactions_table', 1),
(15, '2025_04_30_123210_create_stock_transaction_details_table', 1),
(16, '2025_04_30_123419_create_recipits_table', 1),
(17, '2025_04_30_123430_create_catch_recipits_table', 1),
(18, '2025_04_30_123441_create_box_recipits_table', 1),
(19, '2025_04_30_123515_create_loans_table', 1),
(20, '2025_04_30_123700_create_recipit_types_table', 1),
(21, '2025_04_30_124004_create_forms_table', 1),
(22, '2025_04_30_124018_create_authentications_table', 1),
(23, '2025_04_30_124030_create_safes_table', 1),
(24, '2025_04_30_124046_create_store_quantities_table', 1),
(25, '2025_04_30_124200_create_roles_table', 1),
(26, '2025_04_30_124521_create_cars_table', 1),
(27, '2025_04_30_124538_create_items_table', 1),
(36, '2025_04_30_124553_create_car_daily_meals_table', 7),
(29, '2025_05_14_044320_create_stock_transaction_ins_table', 2),
(30, '2025_05_14_044437_create_stock_transaction_in_details_table', 2),
(31, '2025_05_26_210531_create_safe_balances_table', 3),
(32, '2025_07_07_112448_create_cheese_milk_meals_table', 4),
(34, '2025_07_25_092714_create_item_transform_docs_table', 6),
(35, '2025_07_25_092833_create_item_transform_doc_details_table', 6),
(38, '2025_07_28_184125_create_car_meals_table', 8),
(39, '2025_09_20_133939_create_safe_balance_exchanges_table', 9),
(40, '2025_09_22_035806_create_supplier_insurance_balances_table', 10),
(41, '2025_09_22_040006_create_supplier_insurance_items_table', 10);

-- --------------------------------------------------------

--
-- Table structure for table `password_reset_tokens`
--

DROP TABLE IF EXISTS `password_reset_tokens`;
CREATE TABLE IF NOT EXISTS `password_reset_tokens` (
  `email` varchar(191) CHARACTER SET utf8mb4 COLLATE utf8mb4_unicode_ci NOT NULL,
  `token` varchar(191) CHARACTER SET utf8mb4 COLLATE utf8mb4_unicode_ci NOT NULL,
  `created_at` timestamp NULL DEFAULT NULL,
  PRIMARY KEY (`email`)
) ENGINE=MyISAM DEFAULT CHARSET=utf8mb4 COLLATE=utf8mb4_unicode_ci;

-- --------------------------------------------------------

--
-- Table structure for table `personal_access_tokens`
--

DROP TABLE IF EXISTS `personal_access_tokens`;
CREATE TABLE IF NOT EXISTS `personal_access_tokens` (
  `id` bigint UNSIGNED NOT NULL AUTO_INCREMENT,
  `tokenable_type` varchar(191) CHARACTER SET utf8mb4 COLLATE utf8mb4_unicode_ci NOT NULL,
  `tokenable_id` bigint UNSIGNED NOT NULL,
  `name` varchar(191) CHARACTER SET utf8mb4 COLLATE utf8mb4_unicode_ci NOT NULL,
  `token` varchar(64) CHARACTER SET utf8mb4 COLLATE utf8mb4_unicode_ci NOT NULL,
  `abilities` text CHARACTER SET utf8mb4 COLLATE utf8mb4_unicode_ci,
  `last_used_at` timestamp NULL DEFAULT NULL,
  `created_at` timestamp NULL DEFAULT NULL,
  `updated_at` timestamp NULL DEFAULT NULL,
  PRIMARY KEY (`id`),
  UNIQUE KEY `personal_access_tokens_token_unique` (`token`),
  KEY `personal_access_tokens_tokenable_type_tokenable_id_index` (`tokenable_type`,`tokenable_id`)
) ENGINE=MyISAM DEFAULT CHARSET=utf8mb4 COLLATE=utf8mb4_unicode_ci;

-- --------------------------------------------------------

--
-- Table structure for table `recipits`
--

DROP TABLE IF EXISTS `recipits`;
CREATE TABLE IF NOT EXISTS `recipits` (
  `id` bigint UNSIGNED NOT NULL AUTO_INCREMENT,
  `date` timestamp NOT NULL DEFAULT CURRENT_TIMESTAMP,
  `bill_number` varchar(191) CHARACTER SET utf8mb4 COLLATE utf8mb4_unicode_ci NOT NULL,
  `supplier_id` int NOT NULL,
  `amount` decimal(20,2) NOT NULL,
  `payment_method` int NOT NULL,
  `safe_id` int NOT NULL,
  `notes` text CHARACTER SET utf8mb4 COLLATE utf8mb4_unicode_ci NOT NULL,
  `state` int NOT NULL DEFAULT '0',
  `isPayment` int NOT NULL DEFAULT '0',
  `user_ins` int NOT NULL DEFAULT '0',
  `user_upd` int NOT NULL DEFAULT '0',
  `created_at` timestamp NULL DEFAULT NULL,
  `updated_at` timestamp NULL DEFAULT NULL,
  PRIMARY KEY (`id`)
) ENGINE=MyISAM AUTO_INCREMENT=65 DEFAULT CHARSET=utf8mb4 COLLATE=utf8mb4_unicode_ci;

--
-- Dumping data for table `recipits`
--

INSERT INTO `recipits` (`id`, `date`, `bill_number`, `supplier_id`, `amount`, `payment_method`, `safe_id`, `notes`, `state`, `isPayment`, `user_ins`, `user_upd`, `created_at`, `updated_at`) VALUES
(1, '2025-09-12 00:00:00', 'RB0001', 32, 40000.00, 0, 1, '', 1, 0, 5, 0, '2025-09-12 16:34:41', '2025-09-12 16:36:00'),
(2, '2025-09-12 00:00:00', 'RB0002', 112, 1500.00, 0, 1, '', 1, 0, 5, 0, '2025-09-12 16:34:55', '2025-09-12 16:36:04'),
(3, '2025-09-12 00:00:00', 'RB0003', 72, 22000.00, 0, 1, '', 1, 0, 5, 0, '2025-09-12 16:43:06', '2025-09-12 16:50:46'),
(4, '2025-09-12 00:00:00', 'RB0004', 52, 20000.00, 0, 1, '', 1, 0, 5, 0, '2025-09-12 16:44:30', '2025-09-12 16:50:49'),
(5, '2025-09-12 00:00:00', 'RB0005', 56, 10000.00, 0, 1, '', 1, 0, 5, 0, '2025-09-12 16:45:00', '2025-09-12 16:54:53'),
(6, '2025-09-12 00:00:00', 'RB0006', 29, 40000.00, 0, 1, '', 1, 0, 5, 0, '2025-09-12 16:46:16', '2025-09-12 16:54:55'),
(7, '2025-09-12 00:00:00', 'RB0007', 40, 51750.00, 0, 1, '', 1, 0, 5, 0, '2025-09-12 16:46:29', '2025-09-12 16:54:58'),
(8, '2025-09-12 00:00:00', 'RB0008', 105, 5000.00, 0, 1, '', 1, 0, 5, 0, '2025-09-12 16:47:31', '2025-09-12 16:55:00'),
(9, '2025-09-12 00:00:00', 'RB0009', 78, 5000.00, 0, 1, '', 1, 0, 5, 0, '2025-09-12 16:47:58', '2025-09-12 16:55:13'),
(10, '2025-09-12 00:00:00', 'RB0010', 85, 27000.00, 0, 1, '', 1, 0, 5, 0, '2025-09-12 16:48:57', '2025-09-12 17:03:02'),
(11, '2025-09-12 00:00:00', 'RB0011', 87, 20000.00, 0, 1, '', 1, 0, 5, 0, '2025-09-12 16:50:29', '2025-09-12 17:03:15'),
(12, '2025-09-12 00:00:00', 'RB0012', 41, 23000.00, 0, 1, '', 1, 0, 5, 0, '2025-09-12 16:51:55', '2025-09-12 17:03:28'),
(13, '2025-09-12 00:00:00', 'RB0013', 82, 5000.00, 0, 1, '', 1, 0, 5, 0, '2025-09-12 16:52:09', '2025-09-12 17:03:44'),
(14, '2025-09-12 00:00:00', 'RB0014', 74, 9000.00, 0, 1, '', 1, 0, 5, 0, '2025-09-12 16:53:47', '2025-09-12 17:03:54'),
(15, '2025-09-12 00:00:00', 'RB0015', 67, 30000.00, 0, 1, '', 1, 0, 5, 0, '2025-09-12 16:54:26', '2025-09-13 07:46:52'),
(16, '2025-09-12 00:00:00', 'RB0016', 90, 15000.00, 0, 1, '', 1, 0, 5, 0, '2025-09-12 16:55:31', '2025-09-13 07:47:12'),
(17, '2025-09-12 00:00:00', 'RB0017', 83, 18000.00, 0, 1, '', 1, 0, 5, 0, '2025-09-12 16:56:44', '2025-09-13 07:47:19'),
(18, '2025-09-12 00:00:00', 'RB0018', 31, 20000.00, 0, 1, '', 1, 0, 5, 0, '2025-09-12 16:57:35', '2025-09-13 07:47:27'),
(19, '2025-09-12 00:00:00', 'RB0019', 65, 25000.00, 0, 1, '', 1, 0, 5, 0, '2025-09-12 16:59:42', '2025-09-13 07:48:51'),
(20, '2025-09-12 00:00:00', 'RB0020', 59, 30000.00, 0, 1, '', 1, 0, 5, 0, '2025-09-12 17:00:51', '2025-09-13 07:49:16'),
(21, '2025-09-12 00:00:00', 'RB0021', 77, 5000.00, 0, 1, '', 1, 0, 5, 0, '2025-09-12 17:02:29', '2025-09-13 07:47:04'),
(22, '2025-09-12 00:00:00', 'RB0022', 95, 7000.00, 0, 1, '', 1, 0, 5, 0, '2025-09-12 17:06:34', '2025-09-13 07:47:35'),
(23, '2025-09-12 00:00:00', 'RB0023', 111, 2500.00, 0, 1, '', 1, 0, 5, 0, '2025-09-12 17:08:57', '2025-09-13 07:49:26'),
(24, '2025-09-12 00:00:00', 'RB0024', 71, 25000.00, 0, 1, '', 1, 0, 5, 0, '2025-09-12 17:09:19', '2025-09-13 07:49:34'),
(25, '2025-09-12 00:00:00', 'RB0025', 42, 13000.00, 0, 1, '', 1, 0, 5, 0, '2025-09-12 17:09:53', '2025-09-13 07:49:41'),
(26, '2025-09-12 00:00:00', 'RB0026', 88, 20000.00, 0, 1, '', 1, 0, 5, 0, '2025-09-12 17:13:01', '2025-09-13 07:49:47'),
(27, '2025-09-12 00:00:00', 'RB0027', 73, 25000.00, 0, 1, '', 1, 0, 5, 0, '2025-09-12 17:13:24', '2025-09-13 07:50:32'),
(28, '2025-09-12 00:00:00', 'RB0028', 36, 40000.00, 0, 1, '', 1, 0, 5, 5, '2025-09-12 17:14:33', '2025-09-13 07:50:38'),
(29, '2025-09-12 00:00:00', 'RB0029', 63, 20000.00, 0, 1, '', 1, 0, 5, 0, '2025-09-12 17:14:50', '2025-09-13 07:50:43'),
(30, '2025-09-12 00:00:00', 'RB0030', 96, 25000.00, 0, 1, '', 1, 0, 5, 0, '2025-09-12 17:19:00', '2025-09-13 07:50:49'),
(31, '2025-09-12 00:00:00', 'RB0031', 34, 35000.00, 0, 1, '', 1, 0, 5, 0, '2025-09-12 17:19:55', '2025-09-13 07:49:53'),
(32, '2025-09-12 00:00:00', 'RB0032', 102, 15000.00, 0, 1, '', 1, 0, 5, 0, '2025-09-12 17:21:06', '2025-09-13 07:50:55'),
(33, '2025-09-12 00:00:00', 'RB0033', 55, 20000.00, 0, 1, '', 1, 0, 5, 0, '2025-09-12 17:22:38', '2025-09-13 07:51:43'),
(34, '2025-09-12 00:00:00', 'RB0034', 57, 12000.00, 0, 1, '', 1, 0, 5, 0, '2025-09-12 17:23:04', '2025-09-13 07:51:59'),
(35, '2025-09-12 00:00:00', 'RB0035', 75, 12000.00, 0, 1, '', 1, 0, 5, 0, '2025-09-12 17:24:37', '2025-09-13 07:52:06'),
(36, '2025-09-12 00:00:00', 'RB0036', 92, 10000.00, 0, 1, '', 1, 0, 5, 0, '2025-09-12 17:24:58', '2025-09-13 07:52:11'),
(37, '2025-09-12 00:00:00', 'RB0037', 69, 2500.00, 0, 1, '', 1, 0, 5, 0, '2025-09-12 17:40:08', '2025-09-13 07:52:17'),
(38, '2025-09-12 00:00:00', 'RB0038', 70, 5000.00, 0, 1, '', 1, 0, 5, 0, '2025-09-12 17:40:20', '2025-09-13 07:52:25'),
(39, '2025-09-12 00:00:00', 'RB0039', 98, 18000.00, 0, 1, '', 1, 0, 5, 5, '2025-09-12 17:40:44', '2025-09-13 07:52:31'),
(40, '2025-09-12 00:00:00', 'RB0040', 79, 30000.00, 0, 1, '', 1, 0, 5, 5, '2025-09-12 17:43:03', '2025-09-13 07:52:36'),
(41, '2025-09-12 00:00:00', 'RB0041', 76, 22000.00, 0, 1, '', 1, 0, 5, 0, '2025-09-12 17:43:40', '2025-09-13 07:52:52'),
(42, '2025-09-12 00:00:00', 'RB0042', 99, 10000.00, 0, 1, '', 1, 0, 5, 0, '2025-09-12 17:44:26', '2025-09-13 07:54:18'),
(43, '2025-09-12 00:00:00', 'RB0043', 38, 10000.00, 0, 1, '', 1, 0, 5, 0, '2025-09-12 17:44:41', '2025-09-13 07:54:13'),
(44, '2025-09-12 00:00:00', 'RB0044', 38, 25000.00, 0, 1, '', 1, 0, 5, 0, '2025-09-12 17:48:30', '2025-09-13 07:54:06'),
(45, '2025-09-12 00:00:00', 'RB0045', 81, 15000.00, 0, 1, '', 1, 0, 5, 0, '2025-09-12 17:49:10', '2025-09-13 07:53:29'),
(46, '2025-09-12 00:00:00', 'RB0046', 33, 40000.00, 0, 1, '', 1, 0, 5, 0, '2025-09-12 17:49:28', '2025-09-13 07:53:20'),
(47, '2025-09-12 00:00:00', 'RB0047', 106, 40000.00, 0, 1, '', 1, 0, 5, 0, '2025-09-12 17:49:41', '2025-09-13 07:53:11'),
(48, '2025-09-12 00:00:00', 'RB0048', 39, 40000.00, 0, 1, '', 1, 0, 5, 0, '2025-09-12 17:53:42', '2025-09-13 07:53:04'),
(49, '2025-09-12 00:00:00', 'RB0049', 58, 20000.00, 0, 1, '', 1, 0, 5, 0, '2025-09-12 17:55:31', '2025-09-13 07:52:42'),
(50, '2025-09-12 00:00:00', 'RB0050', 80, 12000.00, 0, 1, '', 1, 0, 5, 0, '2025-09-12 18:01:55', '2025-09-13 07:51:37'),
(51, '2025-09-12 00:00:00', 'RB0051', 54, 100000.00, 0, 1, '', 1, 0, 5, 0, '2025-09-12 18:04:42', '2025-09-13 07:55:30'),
(52, '2025-09-12 00:00:00', 'RB0052', 27, 100000.00, 0, 1, '', 1, 0, 5, 0, '2025-09-12 18:04:56', '2025-09-13 07:55:25'),
(53, '2025-09-12 00:00:00', 'RB0053', 51, 30000.00, 0, 1, '', 1, 0, 5, 5, '2025-09-12 18:05:15', '2025-09-13 07:55:19'),
(54, '2025-09-12 00:00:00', 'RB0054', 104, 25000.00, 0, 1, '', 1, 0, 5, 0, '2025-09-12 18:06:28', '2025-09-13 07:55:09'),
(55, '2025-09-12 00:00:00', 'RB0055', 48, 90000.00, 0, 1, '', 1, 0, 5, 0, '2025-09-12 18:07:20', '2025-09-13 07:54:54'),
(56, '2025-09-12 00:00:00', 'RB0056', 50, 45000.00, 0, 1, '', 1, 0, 5, 0, '2025-09-12 18:08:22', '2025-09-13 07:54:31'),
(57, '2025-09-12 00:00:00', 'RB0057', 53, 50000.00, 0, 1, '', 1, 0, 5, 0, '2025-09-12 18:09:24', '2025-09-13 07:53:57'),
(58, '2025-09-12 00:00:00', 'RB0058', 43, 2500.00, 0, 1, '', 1, 0, 5, 0, '2025-09-12 18:16:48', '2025-09-13 07:51:54'),
(59, '2025-09-12 00:00:00', 'RB0059', 107, 113500.00, 0, 1, '', 1, 0, 5, 0, '2025-09-12 18:17:58', '2025-09-13 07:51:30'),
(60, '2025-09-12 00:00:00', 'RB0060', 44, 50000.00, 0, 1, '', 1, 0, 5, 0, '2025-09-12 18:20:16', '2025-09-13 07:48:59'),
(61, '2025-09-12 00:00:00', 'RB0061', 46, 40000.00, 0, 1, '', 1, 0, 5, 0, '2025-09-12 18:21:14', '2025-09-13 07:51:20'),
(62, '2025-09-12 00:00:00', 'RB0062', 37, 200000.00, 0, 1, '', 1, 0, 5, 0, '2025-09-12 18:21:39', '2025-09-13 07:51:12'),
(63, '2025-09-13 00:00:00', 'RB0063', 108, 75000.00, 0, 1, '', 1, 0, 5, 0, '2025-09-13 07:14:26', '2025-09-13 07:51:04'),
(64, '2025-09-13 00:00:00', 'RB0064', 101, 20000.00, 0, 1, '', 1, 0, 5, 0, '2025-09-13 07:15:18', '2025-09-13 07:49:08');

-- --------------------------------------------------------

--
-- Table structure for table `recipit_types`
--

DROP TABLE IF EXISTS `recipit_types`;
CREATE TABLE IF NOT EXISTS `recipit_types` (
  `id` bigint UNSIGNED NOT NULL AUTO_INCREMENT,
  `name` varchar(191) CHARACTER SET utf8mb4 COLLATE utf8mb4_unicode_ci NOT NULL,
  `code` varchar(191) CHARACTER SET utf8mb4 COLLATE utf8mb4_unicode_ci NOT NULL,
  `description` text CHARACTER SET utf8mb4 COLLATE utf8mb4_unicode_ci NOT NULL,
  `user_ins` int NOT NULL DEFAULT '0',
  `user_upd` int NOT NULL DEFAULT '0',
  `created_at` timestamp NULL DEFAULT NULL,
  `updated_at` timestamp NULL DEFAULT NULL,
  PRIMARY KEY (`id`)
) ENGINE=MyISAM AUTO_INCREMENT=19 DEFAULT CHARSET=utf8mb4 COLLATE=utf8mb4_unicode_ci;

--
-- Dumping data for table `recipit_types`
--

INSERT INTO `recipit_types` (`id`, `name`, `code`, `description`, `user_ins`, `user_upd`, `created_at`, `updated_at`) VALUES
(1, 'الرواتب', '1', '', 5, 5, '2025-05-20 17:58:12', '2025-07-04 03:45:57'),
(2, 'سولار', '2', '', 5, 0, '2025-05-20 17:58:27', '2025-05-20 17:58:27'),
(3, 'كهرباء', '3', '', 5, 0, '2025-05-20 17:58:39', '2025-05-20 17:58:39'),
(4, 'الطعام', '4', '', 5, 0, '2025-05-20 18:31:57', '2025-05-20 18:31:57'),
(5, 'ادوات تنظيف', '5', '', 5, 0, '2025-05-20 18:32:13', '2025-05-20 18:32:13'),
(6, 'صيانه عربيه صغيره', '6', '', 5, 0, '2025-05-20 18:32:51', '2025-05-20 18:32:51'),
(7, 'صيانه جامبو', '7', '', 5, 0, '2025-05-20 18:33:06', '2025-05-20 18:33:06'),
(8, 'صيانه تروسيكل', '8', '', 5, 0, '2025-05-20 18:33:21', '2025-05-20 18:33:21'),
(9, 'صيانه موتوسيكل', '9', '', 5, 0, '2025-05-20 18:33:35', '2025-05-20 18:33:35'),
(10, 'سواقين', '10', 'مصاريف سائقين', 5, 5, '2025-05-20 18:33:45', '2025-07-04 03:46:08'),
(11, 'مياه', '11', '', 5, 0, '2025-05-20 18:34:20', '2025-05-20 18:34:20'),
(12, 'تخيش', '12', '', 5, 0, '2025-05-20 18:34:39', '2025-05-20 18:34:39'),
(13, 'فاكيوم', '13', '', 5, 0, '2025-05-20 18:34:51', '2025-05-20 18:34:51'),
(14, 'صيانه المعمل', '14', '', 5, 0, '2025-05-20 18:35:40', '2025-05-20 18:35:40'),
(15, 'شاش', '15', '', 5, 0, '2025-05-20 18:36:04', '2025-05-20 18:36:04'),
(16, 'ملح', '16', '', 5, 0, '2025-05-20 18:36:22', '2025-05-20 18:36:22'),
(17, 'منفحه', '17', '', 5, 0, '2025-05-20 18:37:02', '2025-05-20 18:37:02'),
(18, 'اكياس', '18', '', 5, 0, '2025-05-20 18:37:26', '2025-05-20 18:37:26');

-- --------------------------------------------------------

--
-- Table structure for table `roles`
--

DROP TABLE IF EXISTS `roles`;
CREATE TABLE IF NOT EXISTS `roles` (
  `id` bigint UNSIGNED NOT NULL AUTO_INCREMENT,
  `name` varchar(191) CHARACTER SET utf8mb4 COLLATE utf8mb4_unicode_ci NOT NULL,
  `user_ins` int NOT NULL DEFAULT '0',
  `user_upd` int NOT NULL DEFAULT '0',
  `created_at` timestamp NULL DEFAULT NULL,
  `updated_at` timestamp NULL DEFAULT NULL,
  PRIMARY KEY (`id`)
) ENGINE=MyISAM AUTO_INCREMENT=4 DEFAULT CHARSET=utf8mb4 COLLATE=utf8mb4_unicode_ci;

--
-- Dumping data for table `roles`
--

INSERT INTO `roles` (`id`, `name`, `user_ins`, `user_upd`, `created_at`, `updated_at`) VALUES
(1, 'مدير الموقع', 1, 1, '2025-05-03 05:35:09', '2025-05-03 05:35:36'),
(2, 'محاسب', 1, 0, '2025-05-03 05:35:43', '2025-05-03 05:35:43'),
(3, 'محصل لبن', 1, 0, '2025-05-03 05:35:49', '2025-05-03 05:35:49');

-- --------------------------------------------------------

--
-- Table structure for table `safes`
--

DROP TABLE IF EXISTS `safes`;
CREATE TABLE IF NOT EXISTS `safes` (
  `id` bigint UNSIGNED NOT NULL AUTO_INCREMENT,
  `name` varchar(191) CHARACTER SET utf8mb4 COLLATE utf8mb4_unicode_ci NOT NULL,
  `code` varchar(191) CHARACTER SET utf8mb4 COLLATE utf8mb4_unicode_ci NOT NULL,
  `details` text CHARACTER SET utf8mb4 COLLATE utf8mb4_unicode_ci NOT NULL,
  `isDefault` int NOT NULL DEFAULT '0',
  `user_ins` int NOT NULL DEFAULT '0',
  `user_upd` int NOT NULL DEFAULT '0',
  `created_at` timestamp NULL DEFAULT NULL,
  `updated_at` timestamp NULL DEFAULT NULL,
  PRIMARY KEY (`id`)
) ENGINE=MyISAM AUTO_INCREMENT=5 DEFAULT CHARSET=utf8mb4 COLLATE=utf8mb4_unicode_ci;

--
-- Dumping data for table `safes`
--

INSERT INTO `safes` (`id`, `name`, `code`, `details`, `isDefault`, `user_ins`, `user_upd`, `created_at`, `updated_at`) VALUES
(1, 'خزنة المعمل', '1', '', 1, 5, 0, '2025-09-12 11:15:21', '2025-09-12 11:15:21'),
(2, 'خزنة البيت', '2', '', 0, 5, 0, '2025-09-12 11:15:49', '2025-09-12 11:15:49'),
(3, 'بنك مصر', '3', '', 0, 5, 0, '2025-09-12 11:16:18', '2025-09-12 11:16:18'),
(4, 'انستاباي', '4', '', 0, 5, 0, '2025-09-12 11:38:24', '2025-09-12 11:38:24');

-- --------------------------------------------------------

--
-- Table structure for table `safe_balances`
--

DROP TABLE IF EXISTS `safe_balances`;
CREATE TABLE IF NOT EXISTS `safe_balances` (
  `id` bigint UNSIGNED NOT NULL AUTO_INCREMENT,
  `safe_id` int NOT NULL,
  `opening_balance` decimal(20,2) NOT NULL,
  `income` decimal(20,2) NOT NULL,
  `outcome` decimal(20,2) NOT NULL,
  `balance` decimal(20,2) NOT NULL,
  `created_at` timestamp NULL DEFAULT NULL,
  `updated_at` timestamp NULL DEFAULT NULL,
  PRIMARY KEY (`id`)
) ENGINE=MyISAM AUTO_INCREMENT=8 DEFAULT CHARSET=utf8mb4 COLLATE=utf8mb4_unicode_ci;

--
-- Dumping data for table `safe_balances`
--

INSERT INTO `safe_balances` (`id`, `safe_id`, `opening_balance`, `income`, `outcome`, `balance`, `created_at`, `updated_at`) VALUES
(1, 6, 0.00, 10000.00, 0.00, 10000.00, '2025-08-19 18:07:17', '2025-09-21 10:38:06'),
(2, 7, 0.00, 0.00, 0.00, 0.00, '2025-08-19 18:08:18', '2025-08-19 18:08:18'),
(3, 8, 0.00, 11980.00, 15000.00, 1980.00, '2025-08-19 18:08:46', '2025-09-21 10:53:57'),
(4, 1, 2431385.00, 0.00, 2166530.00, -2166530.00, '2025-09-12 11:15:21', '2025-09-21 10:53:57'),
(5, 2, 0.00, 7980.00, 0.00, 7980.00, '2025-09-12 11:15:49', '2025-09-21 11:09:09'),
(6, 3, 7360800.00, 0.00, 0.00, 0.00, '2025-09-12 11:16:18', '2025-09-12 11:37:51'),
(7, 4, 416980.00, 30000.00, 7980.00, 22020.00, '2025-09-12 11:38:24', '2025-09-21 11:09:09');

-- --------------------------------------------------------

--
-- Table structure for table `safe_balance_exchanges`
--

DROP TABLE IF EXISTS `safe_balance_exchanges`;
CREATE TABLE IF NOT EXISTS `safe_balance_exchanges` (
  `id` bigint UNSIGNED NOT NULL AUTO_INCREMENT,
  `date` timestamp NOT NULL DEFAULT CURRENT_TIMESTAMP,
  `bill_number` varchar(191) COLLATE utf8mb4_unicode_ci NOT NULL,
  `from_safe_id` int NOT NULL,
  `to_safe_id` int NOT NULL,
  `balance` decimal(8,2) NOT NULL,
  `notes` text COLLATE utf8mb4_unicode_ci NOT NULL,
  `user_ins` int NOT NULL DEFAULT '0',
  `user_upd` int NOT NULL DEFAULT '0',
  `created_at` timestamp NULL DEFAULT NULL,
  `updated_at` timestamp NULL DEFAULT NULL,
  PRIMARY KEY (`id`)
) ENGINE=MyISAM AUTO_INCREMENT=2 DEFAULT CHARSET=utf8mb4 COLLATE=utf8mb4_unicode_ci;

--
-- Dumping data for table `safe_balance_exchanges`
--

INSERT INTO `safe_balance_exchanges` (`id`, `date`, `bill_number`, `from_safe_id`, `to_safe_id`, `balance`, `notes`, `user_ins`, `user_upd`, `created_at`, `updated_at`) VALUES
(1, '2025-09-20 21:00:00', 'SE0001', 4, 2, 7980.00, '', 5, 5, '2025-09-21 11:04:19', '2025-09-21 11:09:09');

-- --------------------------------------------------------

--
-- Table structure for table `sales`
--

DROP TABLE IF EXISTS `sales`;
CREATE TABLE IF NOT EXISTS `sales` (
  `id` bigint UNSIGNED NOT NULL AUTO_INCREMENT,
  `bill_number` varchar(191) CHARACTER SET utf8mb4 COLLATE utf8mb4_unicode_ci NOT NULL,
  `date` timestamp NOT NULL DEFAULT CURRENT_TIMESTAMP,
  `client_id` int NOT NULL,
  `store_id` int NOT NULL,
  `total` decimal(20,2) NOT NULL,
  `discount` decimal(20,2) NOT NULL,
  `net` decimal(20,2) NOT NULL,
  `notes` text CHARACTER SET utf8mb4 COLLATE utf8mb4_unicode_ci NOT NULL,
  `state` int NOT NULL DEFAULT '0',
  `user_ins` int NOT NULL DEFAULT '0',
  `user_upd` int NOT NULL DEFAULT '0',
  `created_at` timestamp NULL DEFAULT NULL,
  `updated_at` timestamp NULL DEFAULT NULL,
  PRIMARY KEY (`id`)
) ENGINE=MyISAM AUTO_INCREMENT=5 DEFAULT CHARSET=utf8mb4 COLLATE=utf8mb4_unicode_ci;

--
-- Dumping data for table `sales`
--

INSERT INTO `sales` (`id`, `bill_number`, `date`, `client_id`, `store_id`, `total`, `discount`, `net`, `notes`, `state`, `user_ins`, `user_upd`, `created_at`, `updated_at`) VALUES
(1, 'SI0001', '2025-09-12 00:00:00', 2, 9, 720000.00, 0.00, 720000.00, '', 1, 5, 0, '2025-09-12 12:26:55', '2025-09-13 07:20:11'),
(2, 'SI0002', '2025-09-12 00:00:00', 116, 2, 10815.00, 0.00, 10815.00, '', 1, 5, 0, '2025-09-12 17:51:38', '2025-09-13 07:20:15'),
(4, 'SI0003', '2025-09-20 21:00:00', 117, 4, 28800.00, 0.00, 28800.00, '', 1, 5, 0, '2025-09-21 12:01:11', '2025-09-21 12:01:14');

-- --------------------------------------------------------

--
-- Table structure for table `sales_details`
--

DROP TABLE IF EXISTS `sales_details`;
CREATE TABLE IF NOT EXISTS `sales_details` (
  `id` bigint UNSIGNED NOT NULL AUTO_INCREMENT,
  `bill_id` int NOT NULL,
  `date` timestamp NOT NULL DEFAULT CURRENT_TIMESTAMP,
  `item_id` int NOT NULL DEFAULT '0',
  `meal_id` int NOT NULL DEFAULT '0',
  `store_id` int NOT NULL,
  `quantity` decimal(20,2) NOT NULL,
  `weight` decimal(20,2) NOT NULL,
  `price` decimal(20,2) NOT NULL,
  `total` decimal(20,2) NOT NULL,
  `user_ins` int NOT NULL DEFAULT '0',
  `user_upd` int NOT NULL DEFAULT '0',
  `created_at` timestamp NULL DEFAULT NULL,
  `updated_at` timestamp NULL DEFAULT NULL,
  PRIMARY KEY (`id`)
) ENGINE=MyISAM AUTO_INCREMENT=5 DEFAULT CHARSET=utf8mb4 COLLATE=utf8mb4_unicode_ci;

--
-- Dumping data for table `sales_details`
--

INSERT INTO `sales_details` (`id`, `bill_id`, `date`, `item_id`, `meal_id`, `store_id`, `quantity`, `weight`, `price`, `total`, `user_ins`, `user_upd`, `created_at`, `updated_at`) VALUES
(1, 1, '2025-09-12 00:00:00', 6, 0, 9, 400.00, 400.00, 1800.00, 720000.00, 5, 0, '2025-09-12 12:26:55', '2025-09-12 12:26:55'),
(2, 2, '2025-09-12 00:00:00', 2, 0, 2, 1.00, 51.50, 210.00, 10815.00, 5, 0, '2025-09-12 17:51:38', '2025-09-12 17:51:38'),
(4, 4, '2025-09-20 21:00:00', 1, 0, 4, 50.00, 120.00, 240.00, 28800.00, 5, 0, '2025-09-21 12:01:11', '2025-09-21 12:01:11');

-- --------------------------------------------------------

--
-- Table structure for table `sessions`
--

DROP TABLE IF EXISTS `sessions`;
CREATE TABLE IF NOT EXISTS `sessions` (
  `id` varchar(191) CHARACTER SET utf8mb4 COLLATE utf8mb4_unicode_ci NOT NULL,
  `user_id` bigint UNSIGNED DEFAULT NULL,
  `ip_address` varchar(45) CHARACTER SET utf8mb4 COLLATE utf8mb4_unicode_ci DEFAULT NULL,
  `user_agent` text CHARACTER SET utf8mb4 COLLATE utf8mb4_unicode_ci,
  `payload` longtext CHARACTER SET utf8mb4 COLLATE utf8mb4_unicode_ci NOT NULL,
  `last_activity` int NOT NULL,
  PRIMARY KEY (`id`),
  KEY `sessions_user_id_index` (`user_id`),
  KEY `sessions_last_activity_index` (`last_activity`)
) ENGINE=MyISAM DEFAULT CHARSET=utf8mb4 COLLATE=utf8mb4_unicode_ci;

-- --------------------------------------------------------

--
-- Table structure for table `settings`
--

DROP TABLE IF EXISTS `settings`;
CREATE TABLE IF NOT EXISTS `settings` (
  `id` bigint UNSIGNED NOT NULL AUTO_INCREMENT,
  `buffalo_milk_price` decimal(8,2) NOT NULL,
  `bovine_milk_price` decimal(8,2) NOT NULL,
  `morning_bonus_time` timestamp NOT NULL,
  `evening_bonus_time` timestamp NOT NULL,
  `bonus_value` decimal(8,2) NOT NULL,
  `protein_price` decimal(20,2) NOT NULL DEFAULT '0.00',
  `cream_price` decimal(20,2) NOT NULL DEFAULT '0.00',
  `cheese_price` decimal(19,0) NOT NULL DEFAULT '0',
  `white_cheese_price` decimal(20,2) NOT NULL DEFAULT '0.00',
  `user_ins` int NOT NULL,
  `user_upd` int NOT NULL DEFAULT '0',
  `created_at` timestamp NULL DEFAULT NULL,
  `updated_at` timestamp NULL DEFAULT NULL,
  PRIMARY KEY (`id`)
) ENGINE=MyISAM AUTO_INCREMENT=3 DEFAULT CHARSET=utf8mb4 COLLATE=utf8mb4_unicode_ci;

--
-- Dumping data for table `settings`
--

INSERT INTO `settings` (`id`, `buffalo_milk_price`, `bovine_milk_price`, `morning_bonus_time`, `evening_bonus_time`, `bonus_value`, `protein_price`, `cream_price`, `cheese_price`, `white_cheese_price`, `user_ins`, `user_upd`, `created_at`, `updated_at`) VALUES
(2, 21.00, 17.25, '2025-07-20 00:27:00', '2025-07-19 21:27:00', 0.00, 100.00, 50.00, 230, 140.00, 4, 5, '2025-05-12 13:29:12', '2025-07-20 15:07:46');

-- --------------------------------------------------------

--
-- Table structure for table `stock_transactions`
--

DROP TABLE IF EXISTS `stock_transactions`;
CREATE TABLE IF NOT EXISTS `stock_transactions` (
  `id` bigint UNSIGNED NOT NULL AUTO_INCREMENT,
  `bill_number` varchar(191) CHARACTER SET utf8mb4 COLLATE utf8mb4_unicode_ci NOT NULL,
  `date` timestamp NOT NULL DEFAULT CURRENT_TIMESTAMP,
  `from_store` int NOT NULL,
  `to_store` int NOT NULL,
  `notes` text CHARACTER SET utf8mb4 COLLATE utf8mb4_unicode_ci NOT NULL,
  `state` int NOT NULL DEFAULT '0',
  `user_ins` int NOT NULL DEFAULT '0',
  `user_upd` int NOT NULL DEFAULT '0',
  `created_at` timestamp NULL DEFAULT NULL,
  `updated_at` timestamp NULL DEFAULT NULL,
  PRIMARY KEY (`id`)
) ENGINE=MyISAM DEFAULT CHARSET=utf8mb4 COLLATE=utf8mb4_unicode_ci;

-- --------------------------------------------------------

--
-- Table structure for table `stock_transaction_details`
--

DROP TABLE IF EXISTS `stock_transaction_details`;
CREATE TABLE IF NOT EXISTS `stock_transaction_details` (
  `id` bigint UNSIGNED NOT NULL AUTO_INCREMENT,
  `transaction_id` int NOT NULL,
  `item_id` int NOT NULL,
  `meal_id` int NOT NULL DEFAULT '0',
  `store_id` int NOT NULL DEFAULT '0',
  `quantity` decimal(20,2) NOT NULL,
  `weight` decimal(20,2) NOT NULL,
  `user_ins` int NOT NULL DEFAULT '0',
  `user_upd` int NOT NULL DEFAULT '0',
  `created_at` timestamp NULL DEFAULT NULL,
  `updated_at` timestamp NULL DEFAULT NULL,
  PRIMARY KEY (`id`)
) ENGINE=MyISAM DEFAULT CHARSET=utf8mb4 COLLATE=utf8mb4_unicode_ci;

-- --------------------------------------------------------

--
-- Table structure for table `stock_transaction_ins`
--

DROP TABLE IF EXISTS `stock_transaction_ins`;
CREATE TABLE IF NOT EXISTS `stock_transaction_ins` (
  `id` bigint UNSIGNED NOT NULL AUTO_INCREMENT,
  `bill_number` varchar(191) CHARACTER SET utf8mb4 COLLATE utf8mb4_unicode_ci NOT NULL,
  `meal_id` int NOT NULL,
  `date` timestamp NOT NULL,
  `store_id` int NOT NULL,
  `notes` text CHARACTER SET utf8mb4 COLLATE utf8mb4_unicode_ci NOT NULL,
  `user_ins` int NOT NULL DEFAULT '0',
  `user_upd` int NOT NULL DEFAULT '0',
  `created_at` timestamp NULL DEFAULT NULL,
  `updated_at` timestamp NULL DEFAULT NULL,
  PRIMARY KEY (`id`)
) ENGINE=MyISAM DEFAULT CHARSET=utf8mb4 COLLATE=utf8mb4_unicode_ci;

-- --------------------------------------------------------

--
-- Table structure for table `stock_transaction_in_details`
--

DROP TABLE IF EXISTS `stock_transaction_in_details`;
CREATE TABLE IF NOT EXISTS `stock_transaction_in_details` (
  `id` bigint UNSIGNED NOT NULL AUTO_INCREMENT,
  `transaction_id` int NOT NULL,
  `item_id` int NOT NULL,
  `quantity` decimal(20,2) NOT NULL,
  `weight` decimal(20,2) NOT NULL,
  `user_ins` int NOT NULL DEFAULT '0',
  `user_upd` int NOT NULL DEFAULT '0',
  `created_at` timestamp NULL DEFAULT NULL,
  `updated_at` timestamp NULL DEFAULT NULL,
  PRIMARY KEY (`id`)
) ENGINE=MyISAM DEFAULT CHARSET=utf8mb4 COLLATE=utf8mb4_unicode_ci;

-- --------------------------------------------------------

--
-- Table structure for table `stores`
--

DROP TABLE IF EXISTS `stores`;
CREATE TABLE IF NOT EXISTS `stores` (
  `id` bigint UNSIGNED NOT NULL AUTO_INCREMENT,
  `code` varchar(191) CHARACTER SET utf8mb4 COLLATE utf8mb4_unicode_ci NOT NULL,
  `name` varchar(191) CHARACTER SET utf8mb4 COLLATE utf8mb4_unicode_ci NOT NULL,
  `details` text CHARACTER SET utf8mb4 COLLATE utf8mb4_unicode_ci NOT NULL,
  `isDefault` int NOT NULL DEFAULT '0',
  `user_ins` int NOT NULL DEFAULT '0',
  `user_upd` int NOT NULL DEFAULT '0',
  `created_at` timestamp NULL DEFAULT NULL,
  `updated_at` timestamp NULL DEFAULT NULL,
  PRIMARY KEY (`id`)
) ENGINE=MyISAM AUTO_INCREMENT=11 DEFAULT CHARSET=utf8mb4 COLLATE=utf8mb4_unicode_ci;

--
-- Dumping data for table `stores`
--

INSERT INTO `stores` (`id`, `code`, `name`, `details`, `isDefault`, `user_ins`, `user_upd`, `created_at`, `updated_at`) VALUES
(1, '1', 'تلاجة الطازة', '', 0, 5, 5, '2025-09-12 11:18:17', '2025-09-12 17:59:49'),
(2, '2', 'تلاجة القديم', '', 0, 5, 0, '2025-09-12 11:18:40', '2025-09-12 11:18:40'),
(3, '3', 'تلاجة البيت', '', 0, 5, 0, '2025-09-12 11:18:48', '2025-09-12 11:18:48'),
(4, '4', 'مخزن المعمل', '', 0, 5, 0, '2025-09-12 11:18:56', '2025-09-12 11:18:56'),
(5, '5', 'مخزن بيت الحجة', '', 0, 5, 0, '2025-09-12 11:19:09', '2025-09-12 11:19:09'),
(6, '6', 'مخزن تحت بيتي', '', 0, 5, 0, '2025-09-12 11:19:20', '2025-09-12 11:19:20'),
(7, '7', 'تلاجة احمد محجوب', '', 0, 5, 0, '2025-09-12 11:19:31', '2025-09-12 11:19:31'),
(8, '8', 'تلاجة ربيع البيلي', '', 0, 5, 0, '2025-09-12 11:19:47', '2025-09-12 11:19:47'),
(9, '9', 'تلاجة احمد مرعي', '', 0, 5, 0, '2025-09-12 11:20:02', '2025-09-12 11:20:02'),
(10, '10', 'تلاجة محمد يحي', '', 0, 5, 0, '2025-09-12 11:20:17', '2025-09-12 11:20:17');

-- --------------------------------------------------------

--
-- Table structure for table `store_quantities`
--

DROP TABLE IF EXISTS `store_quantities`;
CREATE TABLE IF NOT EXISTS `store_quantities` (
  `id` bigint UNSIGNED NOT NULL AUTO_INCREMENT,
  `store_id` int NOT NULL,
  `item_id` int NOT NULL DEFAULT '0',
  `cheese_meal_id` int NOT NULL DEFAULT '0',
  `opening_quantity` decimal(20,2) NOT NULL,
  `quantity_in` decimal(20,2) NOT NULL,
  `quantity_out` decimal(20,2) NOT NULL,
  `balance` decimal(20,2) NOT NULL,
  `user_ins` int NOT NULL DEFAULT '0',
  `user_upd` int NOT NULL DEFAULT '0',
  `created_at` timestamp NULL DEFAULT NULL,
  `updated_at` timestamp NULL DEFAULT NULL,
  PRIMARY KEY (`id`)
) ENGINE=MyISAM AUTO_INCREMENT=11 DEFAULT CHARSET=utf8mb4 COLLATE=utf8mb4_unicode_ci;

--
-- Dumping data for table `store_quantities`
--

INSERT INTO `store_quantities` (`id`, `store_id`, `item_id`, `cheese_meal_id`, `opening_quantity`, `quantity_in`, `quantity_out`, `balance`, `user_ins`, `user_upd`, `created_at`, `updated_at`) VALUES
(1, 2, 6, 0, 3243.00, 0.00, 0.00, 0.00, 5, 0, '2025-09-12 11:40:01', '2025-09-12 11:40:01'),
(2, 2, 2, 0, 53.00, 0.00, 1.00, -1.00, 5, 0, '2025-09-12 11:40:24', '2025-09-13 07:20:15'),
(3, 2, 7, 0, 14.00, 0.00, 0.00, 0.00, 5, 0, '2025-09-12 11:40:44', '2025-09-12 11:40:44'),
(4, 4, 1, 0, 1908.00, 0.00, 50.00, -50.00, 5, 0, '2025-09-12 11:41:18', '2025-09-21 12:01:14'),
(5, 7, 6, 0, 1600.00, 0.00, 0.00, 0.00, 5, 0, '2025-09-12 11:41:44', '2025-09-12 11:41:44'),
(6, 8, 6, 0, 520.00, 0.00, 0.00, 0.00, 5, 0, '2025-09-12 11:43:12', '2025-09-12 11:43:12'),
(7, 9, 6, 0, 1140.00, 0.00, 400.00, -400.00, 5, 0, '2025-09-12 11:43:28', '2025-09-13 07:20:11'),
(8, 10, 6, 0, 1089.00, 0.00, 0.00, 0.00, 5, 0, '2025-09-12 11:43:49', '2025-09-12 11:43:49'),
(9, 2, 3, 0, 126.00, 0.00, 0.00, 0.00, 5, 0, '2025-09-12 12:38:36', '2025-09-12 12:38:36'),
(10, 1, 0, 0, 3913.00, 0.00, 0.00, 0.00, 5, 0, '2025-09-12 18:04:04', '2025-09-12 18:04:04');

-- --------------------------------------------------------

--
-- Table structure for table `supplier_insurance_balances`
--

DROP TABLE IF EXISTS `supplier_insurance_balances`;
CREATE TABLE IF NOT EXISTS `supplier_insurance_balances` (
  `id` bigint UNSIGNED NOT NULL AUTO_INCREMENT,
  `supplier_id` int NOT NULL,
  `date` timestamp NOT NULL DEFAULT CURRENT_TIMESTAMP,
  `balance` double(20,2) NOT NULL DEFAULT '0.00',
  `notes` text COLLATE utf8mb4_unicode_ci NOT NULL,
  `state` int NOT NULL DEFAULT '0',
  `user_ins` int NOT NULL DEFAULT '0',
  `user_upd` int NOT NULL DEFAULT '0',
  `created_at` timestamp NULL DEFAULT NULL,
  `updated_at` timestamp NULL DEFAULT NULL,
  PRIMARY KEY (`id`)
) ENGINE=MyISAM AUTO_INCREMENT=2 DEFAULT CHARSET=utf8mb4 COLLATE=utf8mb4_unicode_ci;

--
-- Dumping data for table `supplier_insurance_balances`
--

INSERT INTO `supplier_insurance_balances` (`id`, `supplier_id`, `date`, `balance`, `notes`, `state`, `user_ins`, `user_upd`, `created_at`, `updated_at`) VALUES
(1, 39, '2025-09-22 21:00:00', 5000.00, '', 0, 5, 0, '2025-09-23 04:19:09', '2025-09-23 04:19:09');

-- --------------------------------------------------------

--
-- Table structure for table `supplier_insurance_items`
--

DROP TABLE IF EXISTS `supplier_insurance_items`;
CREATE TABLE IF NOT EXISTS `supplier_insurance_items` (
  `id` bigint UNSIGNED NOT NULL AUTO_INCREMENT,
  `insurance_id` int NOT NULL,
  `item_id` int NOT NULL,
  `quantity` double(20,2) NOT NULL DEFAULT '0.00',
  `weight` double(20,2) NOT NULL DEFAULT '0.00',
  `user_ins` int NOT NULL DEFAULT '0',
  `user_upd` int NOT NULL DEFAULT '0',
  `created_at` timestamp NULL DEFAULT NULL,
  `updated_at` timestamp NULL DEFAULT NULL,
  PRIMARY KEY (`id`)
) ENGINE=MyISAM DEFAULT CHARSET=utf8mb4 COLLATE=utf8mb4_unicode_ci;

-- --------------------------------------------------------

--
-- Table structure for table `users`
--

DROP TABLE IF EXISTS `users`;
CREATE TABLE IF NOT EXISTS `users` (
  `id` bigint UNSIGNED NOT NULL AUTO_INCREMENT,
  `role_id` int NOT NULL DEFAULT '0',
  `name` varchar(191) CHARACTER SET utf8mb4 COLLATE utf8mb4_unicode_ci NOT NULL,
  `email` varchar(191) CHARACTER SET utf8mb4 COLLATE utf8mb4_unicode_ci NOT NULL,
  `email_verified_at` timestamp NULL DEFAULT NULL,
  `password` varchar(191) CHARACTER SET utf8mb4 COLLATE utf8mb4_unicode_ci NOT NULL,
  `remember_token` varchar(100) CHARACTER SET utf8mb4 COLLATE utf8mb4_unicode_ci DEFAULT NULL,
  `created_at` timestamp NULL DEFAULT NULL,
  `updated_at` timestamp NULL DEFAULT NULL,
  PRIMARY KEY (`id`),
  UNIQUE KEY `users_email_unique` (`email`)
) ENGINE=MyISAM AUTO_INCREMENT=6 DEFAULT CHARSET=utf8mb4 COLLATE=utf8mb4_unicode_ci;

--
-- Dumping data for table `users`
--

INSERT INTO `users` (`id`, `role_id`, `name`, `email`, `email_verified_at`, `password`, `remember_token`, `created_at`, `updated_at`) VALUES
(1, 1, 'kareem', 'admin@gmail.com', NULL, '$2y$10$KFQNqJv7qknJSg7HXUefNe4q2XaE5APqcnbg77i4i718jychdGKtS', 'saJyWscDs0l9fCeqnHXf8hHPAmidGAV5LvisZeJnXBdylKLyM7wXweCuDwW8', '2025-01-18 06:56:31', '2025-05-03 05:37:59'),
(3, 2, 'محاسب 1', 'm@belal.com', NULL, '$2y$10$2Q8mO.FCCBBcSzJ8KYebfueYPQGZ4aOf9nifGcQ/v.yZAmAHIfVh.', 'JKDTGDlBylu4EJe9hgTCtmSjKZBUeyA2CxuUPLKXhDxlbcsyeLa0KBTEDPpr', '2025-01-23 13:21:42', '2025-05-03 05:38:03'),
(4, 1, 'الأدمن الرئيسي', 'admin@belal.com', NULL, '$2y$10$khZhalV0w9h7vdWEIjG6a.tsXXtbFSX3TYYje25kDGvsqEXJB3ax2', 'bNrhvd9smb6aotkEMdIi64QJTBH2lCEWTAg6bz9Ti9mykr78djZESNnAHvYj', '2025-05-05 19:05:22', '2025-05-15 14:47:26'),
(5, 1, 'admin', 'admin@bilal.com', NULL, '$2y$10$h9RG2wPHXzGu83oVc1OSZebcjkY4dC6PtAc/.ZTJNLsYkUGKtDBRC', 'L3FDY5tnPusWiOdqKLcYvKosOI74EGSM36hc0Xa33VPwyK7HNAjb7HiGeuoe', '2025-05-18 10:27:13', '2025-05-26 17:49:45');

-- --------------------------------------------------------

--
-- Table structure for table `weakly_milk_meals`
--

DROP TABLE IF EXISTS `weakly_milk_meals`;
CREATE TABLE IF NOT EXISTS `weakly_milk_meals` (
  `id` bigint UNSIGNED NOT NULL AUTO_INCREMENT,
  `start_date` timestamp NOT NULL DEFAULT CURRENT_TIMESTAMP,
  `end_date` timestamp NOT NULL DEFAULT CURRENT_TIMESTAMP,
  `code` varchar(191) CHARACTER SET utf8mb4 COLLATE utf8mb4_unicode_ci NOT NULL,
  `state` int NOT NULL,
  `price_buffalo` decimal(20,2) NOT NULL,
  `price_bovine` decimal(20,2) NOT NULL,
  `total_buffalo_weight` decimal(20,2) NOT NULL,
  `total_bovine_weight` decimal(20,2) NOT NULL,
  `total_money` decimal(20,2) NOT NULL,
  `number_of_daily_meals` int NOT NULL,
  `notes` text CHARACTER SET utf8mb4 COLLATE utf8mb4_unicode_ci NOT NULL,
  `post_date` timestamp NOT NULL DEFAULT CURRENT_TIMESTAMP,
  `user_ins` int NOT NULL DEFAULT '0',
  `user_upd` int NOT NULL DEFAULT '0',
  `created_at` timestamp NULL DEFAULT NULL,
  `updated_at` timestamp NULL DEFAULT NULL,
  PRIMARY KEY (`id`)
) ENGINE=MyISAM AUTO_INCREMENT=2 DEFAULT CHARSET=utf8mb4 COLLATE=utf8mb4_unicode_ci;

--
-- Dumping data for table `weakly_milk_meals`
--

INSERT INTO `weakly_milk_meals` (`id`, `start_date`, `end_date`, `code`, `state`, `price_buffalo`, `price_bovine`, `total_buffalo_weight`, `total_bovine_weight`, `total_money`, `number_of_daily_meals`, `notes`, `post_date`, `user_ins`, `user_upd`, `created_at`, `updated_at`) VALUES
(1, '2025-09-12 00:00:00', '2025-09-18 00:00:00', 'WM0001', 0, 0.00, 0.00, 0.00, 44366.50, 0.00, 0, '', '2025-09-13 04:52:12', 5, 0, '2025-09-13 04:52:12', '2025-09-13 07:44:53');
COMMIT;

/*!40101 SET CHARACTER_SET_CLIENT=@OLD_CHARACTER_SET_CLIENT */;
/*!40101 SET CHARACTER_SET_RESULTS=@OLD_CHARACTER_SET_RESULTS */;
/*!40101 SET COLLATION_CONNECTION=@OLD_COLLATION_CONNECTION */;
